:020000040800F2
:10000000005000208D28000881260008892600085D
:100010009126000899260008A1260008000000008B
:10002000000000000000000000000000A9260008F9
:10003000B526000800000000C1260008CD260008F3
:10004000D5280008D5280008D5280008D52800089C
:10005000D5280008D5280008D5280008D52800088C
:10006000D5280008D5280008D5280008D52800087C
:10007000D5280008D5280008D5280008D52800086C
:10008000D5280008D5280008D5280008D52800085C
:10009000D5280008D5280008D5280008D52800084C
:1000A000D5280008D5280008D5280008D52800083C
:1000B000D9260008D5280008D5280008D52800082A
:1000C000D5280008D5280008D5280008D52800081C
:1000D000D5280008D5280008D5280008D52800080C
:1000E000ED260008D5280008D528000800000000EB
:1000F0000000000000000000000000000000000000
:0C01000000000000000000005FF808F1A3
:1001100010B5054C237833B9044B13B10448AFF341
:1001200000800123237010BDE801002000000000C2
:10013000A093000808B5034B1BB103490348AFF374
:10014000008008BD00000000EC010020A093000822
:1001500010F8012B11F8013B012A28BF9A42F7D071
:10016000D01A7047034613F8012B002AFBD1181A46
:100170000138704781F0004102E000BF83F0004386
:1001800030B54FEA41044FEA430594EA050F08BF32
:1001900090EA020F1FBF54EA000C55EA020C7FEAF6
:1001A000645C7FEA655C00F0E2804FEA5454D4EB73
:1001B0005555B8BF6D420CDD2C4480EA020281EA3D
:1001C000030382EA000083EA010180EA020281EA75
:1001D0000303362D88BF30BD11F0004F4FEA0131C7
:1001E0004FF4801C4CEA113102D0404261EB4101D6
:1001F00013F0004F4FEA03334CEA133302D052425C
:1002000063EB430394EA050F00F0A780A4F1010417
:10021000D5F1200E0DDB02FA0EFC22FA05F2801851
:1002200041F1000103FA0EF2801843FA05F3594137
:100230000EE0A5F120050EF1200E012A03FA0EFCB6
:1002400028BF4CF0020C43FA05F3C01851EBE371E0
:1002500001F0004507D54FF0000EDCF1000C7EEBFD
:1002600000006EEB0101B1F5801F1BD3B1F5001F3B
:100270000CD349085FEA30004FEA3C0C04F101045A
:100280004FEA445212F5800F80F09A80BCF1004F83
:1002900008BF5FEA500C50F1000041EB045141EA05
:1002A000050130BD5FEA4C0C404141EB0101013CCE
:1002B00028BFB1F5801FE9D291F0000F04BF0146BD
:1002C0000020B1FA81F308BF2033A3F10B03B3F18F
:1002D00020020CDA0C3208DD02F1140CC2F10C021F
:1002E00001FA0CF021FA02F10CE002F11402D8BF7D
:1002F000C2F1200C01FA02F120FA0CFCDCBF41EA49
:100300000C019040E41AA2BF01EB0451294330BD17
:100310006FEA04041F3C1CDA0C340EDC04F11404F4
:10032000C4F1200220FA04F001FA02F340EA0300CB
:1003300021FA04F345EA030130BDC4F10C04C4F111
:10034000200220FA02F001FA04F340EA03002946F1
:1003500030BD21FA04F0294630BD94F0000F83F43B
:10036000801306BF81F480110134013D4EE77FEA1E
:10037000645C18BF7FEA655C29D094EA050F08BF6A
:1003800090EA020F05D054EA000C04BF194610464B
:1003900030BD91EA030F1EBF0021002030BD5FEA8F
:1003A000545C05D14000494128BF41F0004130BDB7
:1003B00014F580043CBF01F5801130BD01F000450B
:1003C00045F0FE4141F470014FF0000030BD7FEA7E
:1003D000645C1ABF194610467FEA655C1CBF0B4679
:1003E000024650EA013406BF52EA033591EA030F90
:1003F00041F4002130BD00BF90F0000F04BF002188
:10040000704730B54FF4806404F132044FF00005BA
:100410004FF0000150E700BF90F0000F04BF002133
:10042000704730B54FF4806404F1320410F0004599
:1004300048BF40424FF000013EE700BF42004FEA94
:10044000E2014FEA31014FEA02701FBF12F07F4311
:1004500093F07F4F81F06051704732F07F4208BFC8
:10046000704793F07F4F04BF41F40021704730B5CF
:100470004FF4607401F0004521F000411CE700BF1B
:1004800050EA010208BF704730B54FF000050AE09E
:1004900050EA010208BF704730B511F0004502D59F
:1004A000404261EB41014FF4806404F132045FEAA1
:1004B000915C3FF4D8AE4FF003025FEADC0C18BF4A
:1004C00003325FEADC0C18BF033202EBDC02C2F13C
:1004D000200300FA03FC20FA02F001FA03FE40EACE
:1004E0000E0021FA02F11444BDE600BF70B54FF0D2
:1004F000FF0C4CF4E06C1CEA11541DBF1CEA1355B0
:1005000094EA0C0F95EA0C0F00F0DEF82C4481EA17
:10051000030621EA4C5123EA4C5350EA013518BF37
:1005200052EA033541F4801143F4801338D0A0FB24
:1005300002CE4FF00005E1FB02E506F00042E0FBD1
:1005400003E54FF00006E1FB03569CF0000F18BFD7
:100550004EF0010EA4F1FF04B6F5007F64F540747F
:1005600004D25FEA4E0E6D4146EB060642EAC62112
:1005700041EA55514FEAC52040EA5E504FEACE2E7F
:10058000B4F1FD0C88BFBCF5E06F1ED8BEF1004F82
:1005900008BF5FEA500E50F1000041EB045170BDFE
:1005A00006F0004646EA010140EA020081EA030142
:1005B000B4EB5C04C2BFD4EB0C0541EA045170BD3E
:1005C00041F480114FF0000E013C00F3AB8014F1B8
:1005D000360FDEBF002001F0004170BDC4F1000401
:1005E000203C35DA0C341BDC04F11404C4F1200582
:1005F00000FA05F320FA04F001FA05F240EA0200DD
:1006000001F0004221F0004110EBD37021FA04F612
:1006100042EB06015EEA430E08BF20EAD37070BDCC
:10062000C4F10C04C4F1200500FA04F320FA05F02B
:1006300001FA04F240EA020001F0004110EBD3702D
:1006400041F100015EEA430E08BF20EAD37070BD9D
:10065000C4F1200500FA05F24EEA020E20FA04F376
:1006600001FA05F243EA020321FA04F001F0004125
:1006700021FA04F220EA020000EBD3705EEA430E96
:1006800008BF20EAD37070BD94F0000F0FD101F0C5
:100690000046400041EB010111F4801F08BF013CFE
:1006A000F7D041EA060195F0000F18BF704703F03C
:1006B0000046520043EB030313F4801F08BF013DC3
:1006C000F7D043EA0603704794EA0C0F0CEA13557F
:1006D00018BF95EA0C0F0CD050EA410618BF52EA39
:1006E0004306D1D181EA030101F000414FF000003F
:1006F00070BD50EA410606BF1046194652EA43064D
:1007000019D094EA0C0F02D150EA013613D195EAC0
:100710000C0F05D152EA03361CBF104619460AD108
:1007200081EA030101F0004141F0FE4141F4700112
:100730004FF0000070BD41F0FE4141F4780170BD02
:1007400070B54FF0FF0C4CF4E06C1CEA11541DBF67
:100750001CEA135594EA0C0F95EA0C0F00F0A7F869
:10076000A4EB050481EA030E52EA03354FEA013196
:1007700000F088804FEA03334FF0805545EA1313A9
:1007800043EA12634FEA022245EA111545EA106571
:100790004FEA00260EF000419D4208BF964244F108
:1007A000FD0404F5407402D25B084FEA3202B61A27
:1007B00065EB03055B084FEA32024FF480104FF4FB
:1007C000002CB6EB020E75EB030E22BFB61A75466F
:1007D00040EA0C005B084FEA3202B6EB020E75EB02
:1007E000030E22BFB61A754640EA5C005B084FEA6A
:1007F0003202B6EB020E75EB030E22BFB61A754637
:1008000040EA9C005B084FEA3202B6EB020E75EB41
:10081000030E22BFB61A754640EADC0055EA060E02
:1008200018D04FEA051545EA16754FEA06164FEA45
:10083000C30343EA52734FEAC2025FEA1C1CC0D1F1
:1008400011F4801F0BD141EA00014FF000004FF07E
:10085000004CB6E711F4801F04BF01430020B4F13F
:10086000FD0C88BFBCF5E06F3FF6AFAEB5EB030CF7
:1008700004BFB6EB020C5FEA500C50F1000041EBF4
:10088000045170BD0EF0004E4EEA113114EB5C04C1
:10089000C2BFD4EB0C0541EA045170BD41F4801194
:1008A0004FF0000E013C90E645EA060E8DE60CEA9C
:1008B000135594EA0C0F08BF95EA0C0F3FF43BAFB9
:1008C00094EA0C0F0AD150EA01347FF434AF95EA70
:1008D0000C0F7FF425AF104619462CE795EA0C0F54
:1008E00006D152EA03353FF4FDAE1046194622E721
:1008F00050EA410618BF52EA43067FF4C5AE50EAFB
:1009000041047FF40DAF52EA43057FF4EBAE12E7EA
:100910004FF0FF3C06E000BF4FF0010C02E000BFCB
:100920004FF0010C4DF804CD4FEA410C7FEA6C5CAE
:100930004FEA430C18BF7FEA6C5C1BD001B050EA51
:10094000410C0CBF52EA430C91EA030F02BF90EA3C
:10095000020F0020704710F1000F91EA030F58BFFB
:10096000994208BF90422CBFD8176FEAE37040F05D
:10097000010070474FEA410C7FEA6C5C02D150EAFB
:10098000013C07D14FEA430C7FEA6C5CD6D152EAB6
:10099000033CD3D05DF8040B704700BF844610467B
:1009A00062468C461946634600E000BF01B5FFF77A
:1009B000B7FF002848BF10F1000F01BD4DF808ED4A
:1009C000FFF7F4FF0CBF012000205DF808FB00BF1B
:1009D0004DF808EDFFF7EAFF34BF012000205DF875
:1009E00008FB00BF4DF808EDFFF7E0FF94BF0120C2
:1009F00000205DF808FB00BF4DF808EDFFF7CEFFC3
:100A000094BF012000205DF808FB00BF4DF808ED01
:100A1000FFF7C4FF34BF012000205DF808FB00BFD2
:100A20004FEA410C7FEA6C5C02D150EA013C0AD1EA
:100A30004FEA430C7FEA6C5C02D152EA033C02D1DC
:100A40004FF0000070474FF0010070474FEA41023D
:100A500012F5001215D211D56FF47873B3EB625210
:100A600012D94FEAC12343F0004343EA505311F037
:100A7000004F23FA02F018BF404270474FF00000C9
:100A8000704750EA013005D111F0004008BF6FF007
:100A9000004070474FF00000704700BF80B58EB037
:100AA0000AAFF860084611461A4603467B810B469A
:100AB0003B811346FB801D4B1B78002B19D03989D5
:100AC0007A890023089300230793002306930023C9
:100AD0000593BB8C04933B8C0393BB8B02933B8BA2
:100AE0000193FB8800930B46F968012000F020F881
:100AF00018E039897A89002308930023079300239B
:100B0000069300230593BB8C04933B8C0393BB8B10
:100B100002933B8B0193FB8800930B46F9680020FE
:100B200000F006F800BF1037BD4680BD0000002071
:100B300080B584B000AFB96011461A460346FB7316
:100B40000B46BB811346FB801A4ABB8913801A4AA5
:100B5000FB881380194A3B8B1380194ABB681360CA
:100B6000184ABB8B1380174A3B8C5380154ABB8CA9
:100B70009380144A3B8DD380124ABB8D1381114A56
:100B80003B8E53810F4ABB8E93810E4A3B8FD3819C
:100B9000FB7B002B03D00C4B00221A7002E00A4BA7
:100BA00010221A700421102000F010F800BF103736
:100BB000BD4680BD06020020080200200A02002077
:100BC0001C0200200C0200202002002080B586B00C
:100BD00000AF03460A46FB711346BB71BB79012B7C
:100BE00006D9864B1B7843F00803DAB2834B1A70A0
:100BF000834ABB791370FB79102B09D1BB79042B85
:100C000006D1502310224021002000F08FF906E089
:100C1000FA79FB7940334021002000F087F9794BC5
:100C20001B78002B09D0BB79012B06D1734B1B78A5
:100C300043F00403DAB2714B1A7000F0F5F80323A5
:100C40007B610123FB60704B1B78002B1BD06F4B2B
:100C50001A886F4B1B8813439AB26E4B1B88134341
:100C60009AB26D4B1B8813439AB26B4B5B8813434C
:100C70009AB2694B9B8813439AB2674BDB88134344
:100C80009BB2BB602AE0614B1A88614B1B881343FF
:100C90009AB2604B1B8813439AB25F4B1B88134375
:100CA0009AB25D4B5B8813439AB25B4B9B881343AC
:100CB0009AB2594BDB8813439AB2574B1B891343A3
:100CC0009AB2554B5B8913439AB2534B9B8913439A
:100CD0009AB2514BDB8913439BB2BB604F4B1B68ED
:100CE00007F108021146184602F0B6FB322001F067
:100CF00055FE4A4B1B68454A11880022184602F0EF
:100D00002FFD464B1B68434A11880022184602F00B
:100D100027FD3F4B1B88FF2B07D0404B1B683C4AED
:100D200011880022184602F01BFD344B1B7803F09B
:100D30001003002B15D1032000F0F8F9052001F075
:100D40002DFE032000F0F2F9052001F027FE03201C
:100D500000F0ECF9012001F021FE022000F0E6F99C
:100D60001DE0264B1B7843F02003DBB2184600F051
:100D700058F9052001F012FE204B1B7843F02003A8
:100D8000DBB2184600F04DF9012001F007FE1B4BC5
:100D90001B7843F02003DBB2184600F042F9174BF2
:100DA0001B7843F02003DBB2184600F03AF91C4BE5
:100DB00004221A701A4B1B7843F00403DAB2184B62
:100DC0001A70174B1B7843F00803DBB2184600F08B
:100DD00028F9012000F025F9022001F0DFFD114B78
:100DE00002221A700F4B1B7843F00403DBB2184643
:100DF00000F017F900BF1837BD4680BD2002002063
:100E0000230200200402002000000020060200202F
:100E1000080200200A0200200C0200201C02002010
:100E2000210200202202002080B487B000AF384B9E
:100E30001B68384A93420CD1374B9B69364A43F0C2
:100E400004039361344B9B6903F004037B617B696A
:100E500058E02F4B1B68314A93420CD12E4B9B69B3
:100E60002D4A43F0080393612B4B9B6903F0080361
:100E70003B613B6946E0264B1B68284A93420CD1F4
:100E8000254B9B69244A43F008039361224B9B69DD
:100E900003F00803FB60FB6834E01D4B1B68204A2D
:100EA00093420CD11C4B9B691B4A43F01003936186
:100EB000194B9B6903F01003BB60BB6822E0144B25
:100EC0001B68184A93420CD1134B9B69124A43F09A
:100ED00020039361104B9B6903F020037B607B68C8
:100EE00010E00B4B1B68104A93420BD10A4B9B69D5
:100EF000094A43F040039361074B9B6903F04003A9
:100F00003B603B6800BF1C37BD4680BC704700BFDC
:100F10001C0200200008014000100240000C0140AB
:100F200000100140001401400018014080B485B059
:100F300000AFF860B9607A603B60FB68DAB2094BD9
:100F40001A70BB68DAB2074B5A707B68DAB2054B8D
:100F50009A703B68DAB2034BDA7000BF1437BD46B3
:100F600080BC70472402002080B584B000AF0346E7
:100F70000A46FB711346BB710423FB60BB79FA6818
:100F80009A4203D8FB68DBB2013BBB710D4B1B7867
:100F9000BA799A4203D30B4B1B78013BBB71BB79E7
:100FA000094AD25CFB791344DBB25BB263F07F0386
:100FB0005BB2DBB2184600F034F800BF1037BD4614
:100FC00080BD00BF230200202402002080B586B02F
:100FD00000AF78607B68002B01D100231DE07B68A7
:100FE0007B617868FFF7BEF838610023FB600CE096
:100FF0007B695A1C7A611B78184600F020F803467A
:10100000002B08D0FB680133FB603B695A1E3A6134
:10101000002BEDD100E000BFFB6818461837BD4635
:1010200080BD80B582B000AF0346FB71FB79002123
:10103000184600F013F800BF0837BD4680BD80B5E4
:1010400082B000AF0346FB71FB790121184600F026
:1010500005F8012318460837BD4680BD80B582B02B
:1010600000AF03460A46FB711346BB71164B1B6863
:10107000164A1188BA79184602F072FB144B1B8885
:10108000FF2B07D0104B1B68114A1188002218460D
:1010900002F066FB0F4B1B7803F01003002B04D00B
:1010A000FB79184600F06CF809E0FB791B09DBB20C
:1010B000184600F03BF8FB79184600F037F800BFFF
:1010C0000837BD4680BD00BF1C020020060200207C
:1010D000080200202002002080B500AF114B1B68E1
:1010E000114A11880022184602F03AFB012001F053
:1010F00055FC0C4B1B680C4A11880122184602F063
:101100002FFB012001F04AFC064B1B68064A1188A0
:101110000022184602F024FB012001F03FFC00BF32
:1011200080BD00BF1C0200200A02002080B584B0F0
:1011300000AF0346FB710023FB6013E00E4B186801
:101140000E4AFB6832F81310FA79FB6842FA03F38F
:10115000DBB203F00103DBB21A4602F001FBFB68CD
:101160000133FB60FB68032BE8DDFFF7B5FF00BF31
:101170001037BD4680BD00BF1C0200200C020020BD
:1011800080B584B000AF0346FB710023FB6013E021
:101190000E4B18680E4AFB6832F81310FA79FB6898
:1011A00042FA03F3DBB203F00103DBB21A4602F0AA
:1011B000D7FAFB680133FB60FB68072BE8DDFFF71C
:1011C0008BFF00BF1037BD4680BD00BF1C02002052
:1011D0000C02002080B500AF012001F0DFFB0120F0
:1011E000FFF71FFF0220FFF71CFF00BF80BD0000BC
:1011F00080B483B000AF0346FB80FB88B3F5006F7B
:1012000002D1044B01221A6000BF0C37BD4680BCDE
:10121000704700BFF003002080B400AF514B1B6843
:10122000002B00F09A80504B9B681B0B03F00F03C0
:10123000002B03D14D4B37221A808BE04A4B9B6821
:101240001B0B03F00F03012B03D1484B34221A80F0
:1012500080E0454B9B681B0B03F00F03022B03D16F
:10126000424B31221A8075E03F4B9B681B0B03F009
:101270000F03032B08D13D4B3D4A126811461980DC
:101280000233120C1A7065E0374B9B681B0B03F09E
:101290000F03042B03D1354B38221A805AE0324B0E
:1012A0009B681B0B03F00F03052B03D12F4B35223B
:1012B0001A804FE02C4B9B681B0B03F00F03062B8F
:1012C00003D12A4B32221A8044E0274B9B681B0B28
:1012D00003F00F03072B03D1244B30221A8039E08F
:1012E000214B9B681B0B03F00F03082B03D11F4BF3
:1012F00039221A802EE01C4B9B681B0B03F00F0356
:10130000092B03D1194B36221A8023E0164B9B6818
:101310001B0B03F00F030A2B03D1144B33221A804B
:1013200018E0114B9B681B0B03F00F030E2B03D12E
:101330000E4B2B221A800DE00B4B9B681B0B03F00E
:101340000F030F2B03D1094B2D221A8002E0074B0C
:1013500000221A70034B00221A6000BFBD4680BCF9
:10136000704700BFF0030020000801400400002087
:10137000B893000880B500AF002202210A4802F0AD
:10138000EFF9012001F00AFB01220221064802F0D8
:10139000E7F9012001F002FB00220221024802F0DD
:1013A000DFF900BF80BD00BF0008014080B582B0FA
:1013B00000AF78607B681B68B3F1804F5BD17B68BE
:1013C0001B7F012B57D12E4B1B78002B1AD10021EC
:1013D000786804F029FA03462A4A1360284B012250
:1013E0001A707B681B681A6A7B681B6822F00A0205
:1013F0001A627B681B681A6A7B681B6842F00202EB
:101400001A6238E00021786804F00EFA03461E4A9A
:1014100013601D4B1A681B4B1B689A4207D91A4B65
:101420001A68184B1B68D31A184A136009E0164B48
:101430001A68144B1B68D31A03F57F43FF33134A12
:101440001360124B1B68124AA2FB03231B091A46A6
:10145000104B1A600A4B00221A707B681B681A6ACC
:101460007B681B6822F00A021A627B681A687B6834
:101470001B68126A1A6200BF0837BD4680BD00BFF4
:1014800000040020F4030020F8030020FC030020E7
:101490003FC5254304040020B0B5AEB004AF01F051
:1014A0001BFA4FF4806303934FF4007302934FF4DD
:1014B0008073019380230093202310220821BF48CA
:1014C000FFF7ECFA00F07EFC00F0BAFE00F032FD0F
:1014D00000F0D6FC00F09EFD00F012FE00F086FE4B
:1014E00000F00CFD0021B64803F07CFD0021B5485A
:1014F00003F07EFC0021B44803F07AFCB04803F00E
:10150000D5FB0023C7F8A4300023BB623223C7F801
:10151000943007F10C0300221A605A601A81AB491B
:10152000AB48FEF715FE0346002B40F00D8300216B
:101530000020FFF719FDA748FFF748FD0121002013
:10154000FFF712FDA448FFF741FD02210020FFF73D
:101550000BFDA248FFF73AFD03210020FFF704FD31
:101560009E48FFF733FD0123C7F89C30984B6E224D
:101570001A805CE0FFF750FE07F180030022194655
:10158000974802F0C9FF97F880301A4697F88130E3
:10159000194697F8823000930B469249924805F01D
:1015A000A1FD03210020FFF7DFFC8F48FFF70EFDB0
:1015B0008E498748FEF7CCFD0346002B10D1002151
:1015C0000020FFF7D1FC8A48FFF700FD0121002031
:1015D000FFF7CAFC8748FFF7F9FC0123C7F89830EA
:1015E00085497B48FEF7B4FD0346002B10D100214E
:1015F0000020FFF7B9FC8148FFF7E8FC012100203B
:10160000FFF7B2FC7E48FFF7E1FC0223C7F89830F1
:101610006E496F48FEF79CFD0346002B07D102235D
:10162000C7F89C30FFF7D6FD694B00221A70D7F837
:101630009C30012B9ED055E2FFF7EEFD07F18003B1
:1016400000221946664802F067FF97F880301A4674
:1016500097F88130194697F8823000930B4661491C
:10166000614805F03FFD03210020FFF77DFC5E4847
:10167000FFF7ACFCD7F89830012B75D10021002082
:10168000FFF772FC5F48FFF7A1FC01210020FFF784
:101690006BFC5D48FFF79AFC4C494D48FEF758FD3E
:1016A0000346002B42D107F12803184604F076FFC9
:1016B000C7F88800D7F88830312B21DCD7F888307C
:1016C000C7F8943007F12C03504A1C4615460FCD3D
:1016D0000FC495E80F0084E80F0007F12C031846AB
:1016E000FEF740FD03469AB207F12C014FF0FF339D
:1016F000474804F07FFD4FF47A7001F04FF90AE09B
:1017000002210020FFF730FC4248FFF75FFC4FF456
:101710007A7001F043F9002387F828300023C7F8D6
:101720009C30FFF757FD2A4B00221A70284B1B787C
:101730002F2B19D9264B1B78392B15D8244B5B78C6
:10174000002B11D107F128032149184605F037FD78
:101750001F4B00221A7001210920FFF705FC07F139
:1017600028031846FFF732FCD7F89830022B40F0D8
:10177000B98107F1080300221946194802F0CCFE8E
:1017800000210020FFF7F0FB234B1B68002B01D149
:10179000224B00E0224B1A462249134805F0A2FCD6
:1017A0001148FFF713FC01210020FFF7DDFB1A4B66
:1017B0001B68012B38D1194B37E000BF00080140EE
:1017C0006C020020B4020020FC020020B893000844
:1017D00004000020BC930008C8930008D8930008B8
:1017E00058020020E89300088C030020F8930008BA
:1017F000FC9300080C9400081C9400082094000836
:10180000309400083C9400084C9400085894000858
:1018100044030020789400080804002088940008FD
:101820008C94000898940008B14B1A46B149B2480C
:1018300005F058FCB048FFF7C9FB02210020FFF774
:1018400093FBAE4B1B68022B01D1AD4B00E0A84BC4
:101850001A46AC49A84805F045FCA748FFF7B6FB77
:10186000A949AA48FEF774FC0346002B10D1A34BEC
:101870001B68591CA64B83FB0132CB17D21A1346A7
:101880005B001344CA1A9D4B1A60A04B00221A70C9
:10189000A0499E48FEF75CFC0346002B10D1974BF5
:1018A0001B68991C9A4B83FB0132CB17D21A134643
:1018B0005B001344CA1A914B1A60944B00221A70B1
:1018C00095499248FEF744FC0346002B40F00A81FC
:1018D0008E4B00221A70914B00221A70FFF77AFC8F
:1018E000FFF79AFC854B1B68002B14D100210020C8
:1018F000FFF73AFB8A48FFF769FB01210020FFF759
:1019000033FB8848FFF762FB01210520FFF72CFB22
:101910008248FFF75BFB794B1B68012B14D1002138
:101920000020FFF721FB8048FFF750FB012100203A
:10193000FFF71AFB7D48FFF749FB01210420FFF761
:1019400013FB7648FFF742FB6C4B1B68022B14D14C
:1019500000210020FFF708FB7548FFF737FB012146
:101960000020FFF701FB7348FFF730FB0121042043
:10197000FFF7FAFA6948FFF729FB66496348FEF763
:10198000E7FB0346002B05D1644B00221A705F4B26
:1019900000221A705D4B1B782F2B15D95B4B1B78DF
:1019A000392B11D8594B5B78002B0DD15B48FEF7D2
:1019B000D9FB0346012B04D801225449574805F0AE
:1019C0000DFC524B00221A7053495048FEF7C0FBE1
:1019D0000346002B84D1514804F0E0FDC7F8840091
:1019E0000023C7F89030454B1B68002B0AD1D7F86D
:1019F0008430002B06DBD7F88430172B02DC012360
:101A0000C7F890303D4B1B68002B0AD0D7F88430C4
:101A1000002B06DBD7F884303B2B02DC0123C7F810
:101A20009030D7F89030002B48D03B1D07F10802CA
:101A30001268114619800233120C1A702F4B1B6862
:101A4000002B03D1D7F88430DBB23B712B4B1B68E2
:101A5000012B03D1D7F88430DBB27B71274B1B6895
:101A6000022B03D1D7F88430DBB2BB713B1D0022BF
:101A70001946314802F0B8FC07F12C032F4A1C46E6
:101A800015460FCD0FC495E8070084E8070007F15D
:101A90002C031846FEF766FB03469AB207F12C01A9
:101AA0004FF0FF33264804F0A5FB0023C7F89C3015
:101AB000164B00221A70FFF78DFB13E00221002065
:101AC000FFF752FA1F48FFF781FA4FF4487000F011
:101AD00065FF124B00221A700C4B00221A70FFF7A0
:101AE00079FBFDE6D7F89C30022B3FF4A5AD16E557
:101AF0008C940008A09400088C03002008040020A7
:101B000088940008A8940008F893000804000020B6
:101B1000565555551C940008B89300080C04002035
:101B2000B0940008C0940008C8940008D894000835
:101B3000E0940008F094000858020020F89400088F
:101B40004403002014950008FFF766FBFFF712FC22
:101B50008F4B1B68322B0FDD07F160038D49184650
:101B600005F0C0FA00210020FFF7FEF907F160033D
:101B70001846FFF72BFA10E0854B1A6807F160034F
:101B80008549184605F0AEFA00210020FFF7ECF970
:101B900007F160031846FFF719FAD7F89430002BC5
:101BA00020D07B4B1B68D7F894209A4203DA00239D
:101BB000C7F8A03016E0764B1B68002B03DC9F2390
:101BC000C7F8A0300EE0724B1A6813469B0013440E
:101BD0005B019A1AD7F8943092FBF3F3C3F19F0399
:101BE000C7F8A0306D4B1B68D7F8A0205A636C482B
:101BF00000F0D0FF4FF0FF31694801F079F803465B
:101C0000002B17D1664801F079F90346C7F8A430D4
:101C1000D7F8A400FEF700FC59A3D3E90023FEF790
:101C200065FC02460B4610461946FEF70FFF0346B9
:101C3000C7F8A430D7F8A430282B06DDD7F8A43095
:101C40003B2B02DC0023C7F88C30D7F8A400FEF74A
:101C5000E3FB4FF00002534BFEF748FC02460B46F5
:101C60001046194648A3D3E90023FEF787FA024637
:101C70000B4610461946FEF7E9FE0346C7F88C30BE
:101C800033E0474800F086FF4FF0FF31444801F051
:101C90002FF80346002B17D1414801F02FF90346D6
:101CA000C7F8A430D7F8A400FEF7B6FB34A3D3E9F5
:101CB0000023FEF71BFC02460B4610461946FEF7B2
:101CC000C5FE0346C7F8A430FFF784FA4FF4FA7054
:101CD00000F064FE00210020FFF746F93248FFF7CC
:101CE00075F94FF4FA7000F059FED7F8A430272B9D
:101CF000C7DDD7F88C30C3F19F022C4B1B685A63A9
:101D000007F17003D7F8A4202949184605F0EAF92D
:101D100002210020FFF728F907F170031846FFF7AA
:101D200055F907F11803D7F894202249184605F011
:101D3000D9F901210020FFF717F907F11803184618
:101D4000FFF744F907F18003002219461A4802F010
:101D5000E3FB97F880301A4697F88130194697F8D8
:101D6000823000930B461549154805F0BBF9032155
:101D70000020FFF7F9F81248FFF728F9FFF7CFBB6B
:101D8000E0BE0E9C33A2B43F0000000000E07140B2
:101D900004040020209500082C950008FC02002077
:101DA0002802002000001E4038950008B4020020E0
:101DB000449500085095000858020020E893000858
:101DC0008C03002080B594B000AF07F128032822CF
:101DD0000021184605F0EBF907F1140300221A6000
:101DE0005A609A60DA601A613B1D00221A605A60DC
:101DF0009A60DA600523BB624FF48033FB620023F4
:101E00003B6301237B630123BB6302237B644FF4A9
:101E10008033BB640023FB6407F12803184601F0FC
:101E2000DBFC0346002B01D000F086FA0F237B6118
:101E30000223BB610023FB6100233B6200237B6222
:101E400007F114030021184601F048FF0346002B58
:101E500001D000F071FA03237B604FF48073BB6004
:101E60000023FB603B1D184602F0C6F80346002B1A
:101E700001D000F061FA00BF5037BD4680BD0000C0
:101E800080B584B000AF3B1D00221A605A609A6092
:101E9000184B194A1A60174B00229A60154B002202
:101EA0001A73144B00221A75124B4FF46022DA6138
:101EB000104B00225A600F4B01221A610D4800F0AE
:101EC00091FD0346002B01D000F036FA02237B601F
:101ED0000123BB600023FB603B1D1946054801F050
:101EE00019F80346002B01D000F026FA00BF103786
:101EF000BD4680BD280200200024014080B500AF0F
:101F00000A4B0B4A1A60094B4FF0FF325A60074BDD
:101F10004FF480729A60054802F0DAF90346002B0C
:101F200001D000F009FA00BF80BD00BF58020020B8
:101F30000028004080B58AB000AF07F118030022E6
:101F40001A605A609A60DA6007F1100300221A6082
:101F50005A603B4600221A605A609A60DA602C4B45
:101F60004FF080421A602A4B0F225A60284B002201
:101F70009A60274B4FF6FF72DA60254B00221A61F8
:101F8000234B00229A61224802F040FE0346002BB8
:101F900001D000F0D1F94FF48053BB6107F1180371
:101FA00019461B4803F078FB0346002B01D000F0D4
:101FB000C3F9174802F0BEFF0346002B01D000F022
:101FC000BBF900233B6100237B6107F11003194635
:101FD0000F4804F04FF80346002B01D000F0ACF995
:101FE00000233B6001237B600023BB600023FB6078
:101FF0003B4600221946064803F0F0F90346002B41
:1020000001D000F099F900BF2837BD4680BD00BF60
:102010006C02002080B58EB000AF07F128030022CB
:102020001A605A609A60DA6007F1200300221A6091
:102030005A603B1D00221A605A609A60DA601A6189
:102040005A619A612C4B2D4A1A602B4B40F2E732B1
:102050005A60294B00229A60274B9F22DA60264B58
:1020600000221A61244B00229A61234802F0CEFD1F
:102070000346002B01D000F05FF94FF48053BB62A0
:1020800007F1280319461C4803F006FB0346002B02
:1020900001D000F051F9184802F052FE0346002B1F
:1020A00001D000F049F900233B6200237B6207F175
:1020B00020031946104803F0DDFF0346002B01D032
:1020C00000F03AF960237B600023BB600023FB60D3
:1020D00000237B613B1D00221946074803F01AFAD2
:1020E0000346002B01D000F027F9034800F028FA3E
:1020F00000BF3837BD4680BDB40200200004004058
:1021000080B58EB000AF07F1280300221A605A6034
:102110009A60DA6007F1200300221A605A603B1DC2
:1021200000221A605A609A60DA601A615A619A61F4
:102130002C4B2D4A1A602B4B40F2E7325A60294B48
:1021400000229A60274B9F22DA60264B00221A61F8
:10215000244B00229A61234802F058FD0346002BCD
:1021600001D000F0E9F84FF48053BB6207F1280377
:1021700019461C4803F090FA0346002B01D000F0EA
:10218000DBF8184802F0DCFD0346002B01D000F01C
:10219000D3F800233B6200237B6207F1200319463A
:1021A000104803F067FF0346002B01D000F0C4F88D
:1021B00060237B600023BB600023FB6000237B6106
:1021C0003B1D00221946074803F0A4F90346002BE3
:1021D00001D000F0B1F8034800F0B2F900BF383781
:1021E000BD4680BDFC0200200008004080B500AF65
:1021F000114B124A1A60104B4FF4E1325A600E4BE9
:1022000000229A600C4B0022DA600B4B00221A610C
:10221000094B0C225A61084B00229A61064B00229E
:10222000DA61054803F096FF0346002B01D000F069
:1022300083F800BF80BD00BF440300200048004079
:1022400080B588B000AF07F1100300221A605A6011
:102250009A60DA60354B9B69344A43F0100393610E
:10226000324B9B6903F01003FB60FB682F4B9B69AB
:102270002E4A43F0200393612C4B9B6903F020030B
:10228000BB60BB68294B9B69284A43F004039361F8
:10229000264B9B6903F004037B607B68234B9B699F
:1022A000224A43F008039361204B9B6903F0080323
:1022B0003B603B68002240F2BA711D4801F050FAC1
:1022C00040F2BA733B6101237B610023BB610223AF
:1022D000FB6107F110031946154801F0BDF84FF4F2
:1022E00000633B61134B7B610023BB6107F110036B
:1022F00019460F4801F0B0F84FF470433B610023DA
:102300007B610223BB6107F110031946084801F005
:10231000A3F800220021282001F067F8282001F00E
:1023200080F800BF2037BD4680BD00BF00100240CE
:10233000000801400000111080B400AF72B600BF69
:1023400000BFFDE780B485B000AF154B9B69144A10
:1023500043F001039361124B9B6903F00103BB60DF
:10236000BB680F4BDB690E4A43F08053D3610C4BC3
:10237000DB6903F080537B607B680A4B5B68FB6022
:10238000FB6823F0E063FB60FB6843F08063FB6065
:10239000044AFB68536000BF1437BD4680BC7047D9
:1023A000001002400000014080B588B000AF7860A6
:1023B00007F1100300221A605A609A60DA607B68A5
:1023C0001B68144A934221D1134B9B69124A43F470
:1023D00000739361104B9B6903F40073FB60FB680F
:1023E0000D4B9B690C4A43F0040393610A4B9B69B4
:1023F00003F00403BB60BB6804233B6103237B61E0
:1024000007F110031946054801F026F800BF2037F0
:10241000BD4680BD0024014000100240000801407C
:1024200080B584B000AF78607B681B680B4A93422C
:1024300010D101F0C5F90A4BDB69094A43F000638A
:10244000D361074BDB6903F00063FB60FB68054B5E
:1024500001221A6000BF1037BD4680BD0028004031
:10246000001002403C04424280B58AB000AF786060
:1024700007F1180300221A605A609A60DA607B68DC
:102480001B68B3F1804F2CD1294BDB69284A43F0FC
:102490000103D361264BDB6903F001037B617B6998
:1024A000234B9B69224A43F004039361204B9B69B1
:1024B00003F004033B613B690123BB610023FB6123
:1024C00000233B6207F1180319461A4800F0C4FFC5
:1024D000002200211C2000F088FF1C2000F0A1FF3A
:1024E00022E07B681B68144A93420CD1104BDB69D5
:1024F0000F4A43F00203D3610D4BDB6903F0020383
:10250000FB60FB6810E07B681B680C4A93420BD1B0
:10251000074BDB69064A43F00403D361044BDB69D4
:1025200003F00403BB60BB6800BF2837BD4680BD15
:102530000010024000080140000400400008004074
:1025400080B588B000AF786007F1100300221A60F0
:102550005A609A60DA607B681B681E4A934218D101
:102560001D4B9B691C4A43F0040393611A4B9B6902
:1025700003F00403FB60FB6840233B6102237B61A3
:102580000223FB6107F110031946144800F064FFB1
:102590001CE07B681B68124A934217D10E4B9B6963
:1025A0000D4A43F0080393610B4B9B6903F008034A
:1025B000BB60BB6840233B6102237B610223FB615C
:1025C00007F110031946074800F046FF00BF203707
:1025D000BD4680BD000400400010024000080140DC
:1025E00000080040000C014080B588B000AF786062
:1025F00007F1100300221A605A609A60DA607B6863
:102600001B681C4A934231D11B4BDB691A4A43F4C5
:102610008023D361184BDB6903F48023FB60FB68E4
:10262000154B9B69144A43F008039361124B9B6955
:1026300003F00803BB60BB684FF480633B61022377
:102640007B610323FB6107F1100319460B4800F07F
:1026500003FF4FF400633B6100237B610023BB61F8
:1026600007F110031946054800F0F6FE00BF2037B9
:10267000BD4680BD0048004000100240000C0140F3
:1026800080B400AF00BFFDE780B400AF00BFFDE73E
:1026900080B400AF00BFFDE780B400AF00BFFDE72E
:1026A00080B400AF00BFFDE780B400AF00BFBD46FF
:1026B00080BC704780B400AF00BFBD4680BC70478F
:1026C00080B400AF00BFBD4680BC704780B500AF8E
:1026D00000F048F900BF80BD80B500AF024802F0AD
:1026E0008DFD00BF80BD00BF6C02002080B500AF33
:1026F0004FF4006001F04CF800BF80BD80B400AF23
:1027000001231846BD4680BC704780B582B000AF3B
:102710007860396004F0C0FD034616221A604FF05D
:10272000FF3318460837BD4680BD80B582B000AF84
:1027300078604FF0FF317868FFF7E7FF00BFFDE7F3
:1027400080B586B000AFF860B9607A6000237B6125
:102750000AE0AFF300800146BB685A1CBA60CAB2F7
:102760001A707B6901337B617A697B689A42F0DB7E
:102770007B6818461837BD4680BD80B586B000AF6F
:10278000F860B9607A6000237B6109E0BB685A1C7D
:10279000BA601B781846AFF300807B6901337B6118
:1027A0007A697B689A42F1DB7B6818461837BD4628
:1027B00080BD80B483B000AF78604FF0FF3318461F
:1027C0000C37BD4680BC704780B483B000AF7860E2
:1027D00039603B684FF400525A60002318460C37AA
:1027E000BD4680BC704780B483B000AF78600123E1
:1027F00018460C37BD4680BC704780B485B000AF2A
:10280000F860B9607A60002318461437BD4680BC72
:102810007047000080B586B000AF7860144A154B51
:10282000D31A7B617B693B61134B1B68002B02D180
:10283000114B124A1A60104B1A687B6813443A69AC
:102840009A4207D204F028FD03460C221A604FF08A
:10285000FF3309E0084B1B68FB60074B1A687B6875
:102860001344054A1360FB6818461837BD4680BDFF
:102870000050002000040000100400206805002023
:1028800080B400AF00BFBD4680BC7047FFF7F8FFC3
:102890000B480C490C4A002302E0D458C4500433BE
:1028A000C4188C42F9D3094A094C002301E0136093
:1028B0000432A242FBD304F0F5FCFEF7EDFD7047B5
:1028C00000000020E801002020990008E801002015
:1028D00064050020FEE7000080B500AF084B1B68D0
:1028E000074A43F010031360032000F073FD0F202C
:1028F00000F008F8FFF726FD0023184680BD00BF52
:102900000020024080B582B000AF7860124B1A6898
:10291000124B1B7819464FF47A73B3FBF1F3B2FBF9
:10292000F3F3184600F08BFD0346002B01D0012382
:102930000EE07B680F2B0AD8002279684FF0FF3039
:1029400000F053FD064A7B681360002300E001237A
:1029500018460837BD4680BD140000201C0000202A
:102960001800002080B400AF054B1B781A46054BB9
:102970001B681344034A136000BFBD4680BC704708
:102980001C0000201404002080B400AF024B1B6820
:102990001846BD4680BC70471404002080B584B042
:1029A00000AF7860FFF7F0FFB8607B68FB60FB6802
:1029B000B3F1FF3F05D00A4B1B781A46FB6813445E
:1029C000FB6000BFFFF7E0FF0246BB68D31AFA685E
:1029D0009A42F7D800BF00BF1037BD4680BD00BF88
:1029E0001C00002080B586B000AF78600023FB7526
:1029F00000233B610023BB600023FB607B68002B4E
:102A000001D10123BEE07B689B68002B7B689B6A39
:102A1000002B09D17B680022DA627B68002283F8F0
:102A200024207868FFF7C0FC786800F0C5FB0346F7
:102A3000FB757B689B6A03F01003002B40F09980C4
:102A4000FB7D002B40F095807B689B6A23F48853C4
:102A500023F0020343F002027B689A627B685A68A3
:102A60007B68DB691A437B681B7B5B001343BA6896
:102A70001343BB607B689B68B3F5807F03D07B68A2
:102A80009B68012B02D14FF4807300E000233A6968
:102A900013433B617B681B7D012B19D17B681B7B3A
:102AA000002B09D17B689B69013B5A033B691343A7
:102AB00043F400633B610BE07B689B6A43F02002B8
:102AC0007B689A627B68DB6A43F001027B68DA62AA
:102AD0007B681B685B6823F469417B681B683A6903
:102AE0000A435A607B681B689A68284B13407A68CF
:102AF0001268B9680B4393607B689B68B3F5807F6D
:102B000003D07B689B68012B04D17B681B69013B68
:102B10001B05FB607B681B68DB6A23F470017B6824
:102B20001B68FA680A43DA627B681B689A68184B6C
:102B30001340BA689A420BD17B680022DA627B6844
:102B40009B6A23F0030343F001027B689A6218E05A
:102B50007B689B6A23F0120343F010027B689A6241
:102B60007B68DB6A43F001027B68DA620123FB7554
:102B700007E07B689B6A43F010027B689A6201233E
:102B8000FB75FB7D18461837BD4680BDFDF7E1FF9C
:102B9000FE0E1FFF80B584B000AF78600023FB738A
:102BA0007B6893F82430012B01D1022398E07B68E5
:102BB000012283F82420786800F0A4FA0346FB730E
:102BC000FB7B002B40F087807B689B6A23F440737B
:102BD00023F0010343F480727B689A627B681B6870
:102BE000414A934205D1414B5B6803F47023002BAB
:102BF00015D17B689B6A23F480127B689A627B689C
:102C00001B685B6803F48063002B26D07B689B6A9B
:102C100023F4405343F480527B689A621DE07B6842
:102C20009B6A43F480127B689A627B681B682F4A18
:102C3000934204D07B681B682B4A93420DD12B4BE7
:102C40005B6803F48063002B07D07B689B6A23F4E6
:102C5000405343F480527B689A627B689B6A03F41A
:102C60008053002B06D07B68DB6A23F006027B686A
:102C7000DA6202E07B680022DA627B68002283F875
:102C800024207B681B686FF002021A607B681B6857
:102C90009B6803F46023B3F5602F13D17B681B6836
:102CA000114A934205D1114B5B6803F47023002B4A
:102CB00008D17B681B689A687B681B6842F4A00295
:102CC0009A600CE07B681B689A687B681B6842F41A
:102CD00080129A6003E07B68002283F82420FB7B4B
:102CE00018461037BD4680BD002801400024014031
:102CF00090B587B000AF7860396000237B61002316
:102D0000FB6000233B61FFF73FFE78617B681B6837
:102D10009B6803F48073002B0BD07B689B6A43F0A5
:102D200020027B689A627B68002283F824200123BA
:102D3000D3E07B681B685B6803F48073002B31D1A0
:102D40007B681B68DB6A03F47003002B2AD121E047
:102D50003B68B3F1FF3F1DD03B68002B07D0FFF766
:102D600013FE02467B69D31A3A689A4212D27B68F4
:102D70001B681B6803F00203002B0BD17B689B6A66
:102D800043F004027B689A627B68002283F8242067
:102D90000323A2E07B681B681B6803F00203002B7F
:102DA000D6D070E04F4B1C68022001F0DBF90346DF
:102DB000B4FBF3F27B681B6819694B4B0B40002B8B
:102DC00018D17B681B68D968484B0B40002B11D188
:102DD0007B681B681969464B0B40002B08D17B6848
:102DE0001B68D968434B0B40002B01D1142320E012
:102DF00029231EE07B681B6819693D4B0B40002BA3
:102E000006D17B681B68D9683A4B0B40002B0DD06C
:102E10007B681B681969384B0B40002B08D17B6815
:102E20001B68D968344B0B40002B01D1542300E0C0
:102E3000FC2302FB03F33B6121E03B68B3F1FF3F5E
:102E40001AD03B68002B07D0FFF79EFD02467B6936
:102E5000D31A3A689A420FD2FB683A699A420BD960
:102E60007B689B6A43F004027B689A627B6800225D
:102E700083F82420032330E0FB680133FB60FB6808
:102E80003A699A42D9D87B681B686FF012021A60BF
:102E90007B689B6A43F400727B689A627B681B685C
:102EA0009B6803F46023B3F5602F15D17B681B7B0F
:102EB000002B11D17B689B6A23F480727B689A6235
:102EC0007B689B6A03F48053002B05D17B689B6A67
:102ED00043F001027B689A62002318461C37BD4606
:102EE00090BD00BF14000020244992242449920080
:102EF00092244912922449004992240080B483B05C
:102F000000AF78607B681B68DB6C18460C37BD46E9
:102F100080BC704780B485B000AF78603960002312
:102F2000FB730023BB607B6893F82430012B01D135
:102F30000223DCE07B68012283F824203B685B6885
:102F4000062B1CD87B681B68596B3B685A68134674
:102F50009B001344053B1F2202FA03F3DB43194095
:102F60003B6818683B685A6813469B001344053B4E
:102F700000FA03F27B681B680A435A633CE03B6833
:102F80005B680C2B1CD87B681B68196B3B685A6804
:102F900013469B001344233B1F2202FA03F3DB4337
:102FA00019403B6818683B685A6813469B001344F5
:102FB000233B00FA03F27B681B680A431A631BE099
:102FC0007B681B68D96A3B685A6813469B001344A8
:102FD000413B1F2202FA03F3DB4319403B681868A8
:102FE0003B685A6813469B001344413B00FA03F2C6
:102FF0007B681B680A43DA623B681B68092B1CD993
:103000007B681B68D9683B681A6813465B001344E9
:103010001E3B072202FA03F3DB4319403B68986822
:103020003B681A6813465B0013441E3B00FA03F228
:103030007B681B680A43DA6019E07B681B681969C2
:103040003B681A6813465B001344072202FA03F335
:10305000DB4319403B6898683B681A6813465B007D
:10306000134400FA03F27B681B680A431A613B6849
:103070001B68102B03D03B681B68112B32D17B6877
:103080001B681D4A934225D17B681B689B6803F42B
:103090000003002B26D17B681B689A687B681B683D
:1030A00042F400029A603B681B68102B1AD1134B44
:1030B0001B68134AA2FB03239A0C13469B0013447C
:1030C0005B00BB6002E0BB68013BBB60BB68002BE0
:1030D000F9D107E07B689B6A43F020027B689A6223
:1030E0000123FB737B68002283F82420FB7B1846B6
:1030F0001437BD4680BC70470024014014000020F6
:1031000083DE1B4380B584B000AF78600023FB6092
:103110000023BB607B681B689B6803F00103012BE5
:1031200040D07B681B689A687B681B6842F001028C
:103130009A601F4B1B681F4AA2FB03239B0CBB60BA
:1031400002E0BB68013BBB60BB68002BF9D1FFF715
:103150001BFCF8601FE0FFF717FC0246FB68D31A60
:10316000022B18D97B681B689B6803F00103012BB5
:1031700011D07B689B6A43F010027B689A627B687F
:10318000DB6A43F001027B68DA627B68002283F825
:103190002420012307E07B681B689B6803F0010380
:1031A000012BD8D1002318461037BD4680BD00BF83
:1031B0001400002083DE1B4380B584B000AF78602C
:1031C0000023FB607B681B689B6803F00103012BF5
:1031D0002ED17B681B689A687B681B6822F001020D
:1031E0009A60FFF7D1FBF8601BE0FFF7CDFB0246CA
:1031F000FB68D31A022B14D97B681B689B6803F009
:103200000103012B0DD17B689B6A43F010027B68A0
:103210009A627B68DB6A43F001027B68DA62012311
:1032200007E07B681B689B6803F00103012BDCD07F
:10323000002318461037BD4680BD000080B485B01D
:1032400000AF78607B6803F00703FB600C4BDB6822
:10325000BB60BA684FF6FF031340BB60FB681A02FD
:10326000BB68134343F0BF6343F40033BB60044ABD
:10327000BB68D36000BF1437BD4680BC704700BF39
:1032800000ED00E080B400AF044BDB681B0A03F0E4
:1032900007031846BD4680BC704700BF00ED00E044
:1032A00080B483B000AF0346FB7197F90730002B61
:1032B0000BDBFB7903F01F02064997F907305B0926
:1032C000012000FA02F241F8232000BF0C37BD466E
:1032D00080BC704700E100E080B483B000AF0346DB
:1032E0003960FB7197F90730002B0ADB3B68DAB2D3
:1032F0000C4997F907301201D2B20B4483F800232E
:103300000AE03B68DAB20849FB7903F00F03043B9B
:103310001201D2B20B441A7600BF0C37BD4680BCF6
:10332000704700BF00E100E000ED00E080B489B02C
:1033300000AFF860B9607A60FB6803F00703FB61D7
:10334000FB69C3F10703042B28BF0423BB61FB699E
:103350000433062B02D9FB69033B00E000237B61A9
:103360004FF0FF32BB6902FA03F3DA43BB681A403D
:103370007B699A404FF0FF317B6901FA03F3D9432F
:103380007B680B40134318462437BD4680BC70470A
:1033900080B582B000AF78607B68013BB3F1807F7D
:1033A00001D301230FE00A4A7B68013B53600F21E0
:1033B0004FF0FF30FFF790FF054B00229A60044B5F
:1033C00007221A60002318460837BD4680BD00BF9B
:1033D00010E000E080B582B000AF78607868FFF759
:1033E0002DFF00BF0837BD4680BD80B586B000AF59
:1033F0000346B9607A60FB7300237B61FFF742FFED
:1034000078617A68B9687869FFF790FF024697F9A2
:103410000F3011461846FFF75FFF00BF1837BD4653
:1034200080BD80B582B000AF0346FB7197F90730CD
:103430001846FFF735FF00BF0837BD4680BD80B591
:1034400082B000AF78607868FFF7A2FF03461846A5
:103450000837BD4680BD000080B48BB000AF7860F7
:10346000396000237B6200233B6269E101227B6AB1
:1034700002FA03F3FB613B681B68FA691340BB6106
:10348000BA69FB699A4240F058813B685B689A4A86
:1034900093425ED0984A934275D8984A934258D046
:1034A000964A93426FD8964A934252D0944A934296
:1034B00069D8944A93424CD0924A934263D8924A34
:1034C000934246D0904A93425DD8122B2AD8122BB1
:1034D00059D801A252F823F0533500082D350008C1
:1034E0003F3500088135000887350008873500081A
:1034F00087350008873500088735000887350008BC
:1035000087350008873500088735000887350008AB
:1035100087350008873500088735000835350008ED
:1035200049350008794A934213D02CE03B68DB68A8
:103530003B6229E03B68DB6804333B6224E03B6884
:10354000DB6808333B621FE03B68DB680C333B629F
:103550001AE03B689B68002B02D104233B6213E016
:103560003B689B68012B05D108233B627B68FA69A5
:103570001A6109E008233B627B68FA695A6103E03B
:1035800000233B6200E000BFBB69FF2B01D87B68D2
:1035900001E07B6804337B61BB69FF2B02D87B6A47
:1035A0009B0002E07B6A083B9B003B617B691A68D9
:1035B0000F213B6901FA03F3DB431A40396A3B6987
:1035C00001FA03F31A437B691A603B685B6803F0F6
:1035D0008053002B00F0B1804D4B9B694C4A43F067
:1035E000010393614A4B9B6903F00103BB60BB6815
:1035F000484A7B6A9B08023352F82330FB607B6A9F
:1036000003F003039B000F2202FA03F3DB43FA6883
:103610001340FB607B68404A934213D07B683F4A6B
:1036200093420DD07B683E4A934207D07B683D4A67
:10363000934201D1032306E0042304E0022302E0C5
:10364000012300E000237A6A02F003029200934013
:10365000FA681343FB602F497B6A9B080233FA68C0
:1036600041F823203B685B6803F48013002B06D0ED
:103670002D4B9A682C49BB6913438B6006E02A4B9B
:103680009A68BB69DB43284913408B603B685B68E1
:1036900003F40013002B06D0234BDA682249BB69E0
:1036A0001343CB6006E0204BDA68BB69DB431E495D
:1036B0001340CB603B685B6803F40033002B06D0FB
:1036C000194B5A681849BB6913434B6006E0164B07
:1036D0005A68BB69DB43144913404B603B685B6825
:1036E00003F48033002B21D00F4B1A680E49BB69BD
:1036F00013430B6021E000BF0000321000003110C6
:103700000000221000002110000012100000111013
:10371000001002400000014000080140000C014080
:103720000010014000140140000401400B4B1A68D6
:10373000BB69DB43094913400B607B6A01337B6241
:103740003B681A687B6A22FA03F3002B7FF48EAE83
:1037500000BF00BF2C37BD4680BC7047000401404D
:1037600080B483B000AF78600B467B8013467B70DB
:103770007B78002B03D07A887B681A6103E07B8812
:103780001A047B681A6100BF0C37BD4680BC7047C5
:1037900080B582B000AF0346FB80084B5A69FB88B6
:1037A0001340002B06D0054AFB885361FB8818465E
:1037B000FDF71EFD00BF0837BD4680BD0004014077
:1037C00080B400AF034B01221A6000BFBD4680BC2D
:1037D000704700BF20000E4280B586B000AF786011
:1037E0007B68002B01D1012372E27B681B6803F028
:1037F0000103002B00F08780924B5B6803F00C0301
:10380000042B0CD08F4B5B6803F00C03082B12D1F8
:103810008C4B5B6803F48033B3F5803F0BD1894B4D
:103820001B6803F40033002B6CD07B685B68002BB3
:1038300068D101234CE27B685B68B3F5803F06D119
:10384000804B1B687F4A43F4803313602EE07B6813
:103850005B68002B0CD17B4B1B687A4A23F48033C6
:103860001360784B1B68774A23F4802313601DE0B4
:103870007B685B68B3F5A02F0CD1724B1B68714A53
:1038800043F4802313606F4B1B686E4A43F480330C
:1038900013600BE06B4B1B686A4A23F480331360A0
:1038A000684B1B68674A23F4802313607B685B685E
:1038B000002B13D0FFF768F8386108E0FFF764F8D1
:1038C00002463B69D31A642B01D9032300E25D4B06
:1038D0001B6803F40033002BF0D014E0FFF754F81A
:1038E000386108E0FFF750F802463B69D31A642BB1
:1038F00001D90323ECE1534B1B6803F40033002B85
:10390000F0D100E000BF7B681B6803F00203002BCE
:1039100063D04C4B5B6803F00C03002B0BD0494B7E
:103920005B6803F00C03082B1CD1464B5B6803F467
:103930008033002B16D1434B1B6803F00203002B8E
:1039400005D07B681B69012B01D00123C0E13D4BF1
:103950001B6823F0F8027B685B69DB00394913437D
:103960000B603AE07B681B69002B20D0364B0122AC
:103970001A60FFF709F8386108E0FFF705F802461A
:103980003B69D31A022B01D90323A1E12D4B1B68FC
:1039900003F00203002BF0D02A4B1B6823F0F8023F
:1039A0007B685B69DB00274913430B6015E0264BFE
:1039B00000221A60FEF7E8FF386108E0FEF7E4FF36
:1039C00002463B69D31A022B01D9032380E11D4B28
:1039D0001B6803F00203002BF0D17B681B6803F027
:1039E0000803002B3AD07B689B69002B19D0174B3A
:1039F00001221A60FEF7C8FF386108E0FEF7C4FF35
:103A000002463B69D31A022B01D9032360E10D4B17
:103A10005B6A03F00203002BF0D0012000F0CEFA25
:103A20001CE00A4B00221A60FEF7AEFF38610FE07F
:103A3000FEF7AAFF02463B69D31A022B08D90323DB
:103A400046E100BF001002400000424280044242B2
:103A5000924B5B6A03F00203002BE9D17B681B6881
:103A600003F00403002B00F0A6800023FB758B4BB2
:103A7000DB6903F08053002B0DD1884BDB69874A4B
:103A800043F08053D361854BDB6903F08053BB6007
:103A9000BB680123FB75824B1B6803F48073002B0A
:103AA00018D17F4B1B687E4A43F480731360FEF786
:103AB0006BFF386108E0FEF767FF02463B69D31AE7
:103AC000642B01D9032303E1754B1B6803F4807356
:103AD000002BF0D07B68DB68012B06D16F4B1B6A93
:103AE0006E4A43F0010313622DE07B68DB68002B14
:103AF0000CD16A4B1B6A694A23F001031362674BBE
:103B00001B6A664A23F0040313621CE07B68DB68CF
:103B1000052B0CD1614B1B6A604A43F0040313620E
:103B20005E4B1B6A5D4A43F0010313620BE05B4B83
:103B30001B6A5A4A23F001031362584B1B6A574A07
:103B400023F0040313627B68DB68002B15D0FEF7BB
:103B50001BFF38610AE0FEF717FF02463B69D31AE4
:103B600041F28832934201D90323B1E04B4B1B6AE7
:103B700003F00203002BEED014E0FEF705FF3861DE
:103B80000AE0FEF701FF02463B69D31A41F2883290
:103B9000934201D903239BE0404B1B6A03F00203CD
:103BA000002BEED1FB7D012B05D13C4BDB693B4A61
:103BB00023F08053D3617B68DB69002B00F08780A2
:103BC000364B5B6803F00C03082B61D07B68DB6924
:103BD000022B46D1334B00221A60FEF7D5FE386126
:103BE00008E0FEF7D1FE02463B69D31A022B01D949
:103BF00003236DE0294B1B6803F00073002BF0D109
:103C00007B681B6AB3F5803F08D1244B5B6823F4C3
:103C100000327B689B68214913434B601F4B5B68F4
:103C200023F474127B68196A7B685B6A0B431B4937
:103C300013434B601B4B01221A60FEF7A5FE38614F
:103C400008E0FEF7A1FE02463B69D31A022B01D918
:103C500003233DE0114B1B6803F00073002BF0D0F1
:103C600035E0104B00221A60FEF78EFE386108E046
:103C7000FEF78AFE02463B69D31A022B01D90323C1
:103C800026E0064B1B6803F00073002BF0D11EE00A
:103C90007B68DB69012B07D1012319E0001002408A
:103CA00000700040600042420B4B5B68FB60FB68A9
:103CB00003F480327B681B6A9A4206D1FB6803F4E6
:103CC00070127B685B6A9A4201D0012300E00023F6
:103CD00018461837BD4680BD0010024080B584B03C
:103CE00000AF786039607B68002B01D10123D0E000
:103CF0006A4B1B6803F007033A689A4210D9674B76
:103D00001B6823F0070265493B6813430B60634B54
:103D10001B6803F007033A689A4201D00123B8E018
:103D20007B681B6803F00203002B20D07B681B68B4
:103D300003F00403002B05D0594B5B68584A43F449
:103D4000E06353607B681B6803F00803002B05D019
:103D5000534B5B68524A43F460535360504B5B686B
:103D600023F0F0027B689B684D4913434B607B68EE
:103D70001B6803F00103002B40D07B685B68012BBC
:103D800007D1474B1B6803F40033002B15D10123E7
:103D90007FE07B685B68022B07D1414B1B6803F017
:103DA0000073002B09D1012373E03D4B1B6803F026
:103DB0000203002B01D101236BE0394B5B6823F038
:103DC00003027B685B68364913434B60FEF7DCFDFA
:103DD000F8600AE0FEF7D8FD0246FB68D31A41F20C
:103DE0008832934201D9032353E02D4B5B6803F0E3
:103DF0000C027B685B689B009A42EBD1274B1B68E7
:103E000003F007033A689A4210D2244B1B6823F050
:103E1000070222493B6813430B60204B1B6803F0E9
:103E200007033A689A4201D0012332E07B681B689D
:103E300003F00403002B08D0194B5B6823F4E06205
:103E40007B68DB68164913434B607B681B6803F093
:103E50000803002B09D0124B5B6823F460527B6887
:103E60001B69DB000E4913434B6000F021F802464A
:103E70000B4B5B681B0903F00F030A49CB5C22FA6A
:103E800003F3094A1360094B1B681846FEF73AFD15
:103E9000002318461037BD4680BD00BF00200240F9
:103EA0000010024060950008140000201800002057
:103EB00080B487B000AF0023FB600023BB60002309
:103EC0007B6100237B6000233B611E4B5B68FB60D2
:103ED000FB6803F00C03042B02D0082B03D027E06F
:103EE000194B3B6127E0FB689B0C03F00F03174A5B
:103EF000D35C7B60FB6803F48033002B10D0114B44
:103F00005B685B0C03F00103114AD35CBB607B6808
:103F10000D4A03FB02F2BB68B2FBF3F37B6104E0E2
:103F20007B680C4A02FB03F37B617B693B6102E027
:103F3000054B3B6100BF3B6918461C37BD4680BC42
:103F4000704700BF0010024000127A007895000808
:103F50008895000800093D0080B400AF024B1B6843
:103F60001846BD4680BC70471400002080B500AFE5
:103F7000FFF7F2FF0246054B5B681B0A03F00703DD
:103F80000349CB5C22FA03F3184680BD00100240BF
:103F90007095000880B500AFFFF7DEFF0246054BC5
:103FA0005B68DB0A03F007030349CB5C22FA03F3E7
:103FB000184680BD001002407095000880B485B09E
:103FC00000AF78600A4B1B680A4AA2FB03235B0A16
:103FD0007A6802FB03F3FB6000BFFB685A1EFA60BD
:103FE000002BF9D100BF00BF1437BD4680BC70471D
:103FF00014000020D34D621080B586B000AF786009
:1040000000233B610023FB607B681B6803F0010316
:10401000002B7DD00023FB754F4BDB6903F08053F1
:10402000002B0DD14C4BDB694B4A43F08053D361DD
:10403000494BDB6903F08053BB60BB680123FB7510
:10404000464B1B6803F48073002B18D1434B1B684D
:10405000424A43F480731360FEF796FC386108E02F
:10406000FEF792FC02463B69D31A642B01D9032365
:104070006DE03A4B1B6803F48073002BF0D0364B95
:104080001B6A03F44073FB60FB68002B2ED07B6837
:104090005B6803F44073FA689A4227D02E4B1B6A80
:1040A00023F44073FB602E4B01221A602C4B00223C
:1040B0001A60294AFB681362FB6803F00103002BB6
:1040C00014D0FEF761FC38610AE0FEF75DFC0246A1
:1040D0003B69D31A41F28832934201D9032336E077
:1040E0001D4B1B6A03F00203002BEED01A4B1B6A18
:1040F00023F440727B685B68174913430B62FB7DB6
:10410000012B05D1144BDB69134A23F08053D36193
:104110007B681B6803F00203002B08D00E4B5B6822
:1041200023F440427B689B680B4913434B607B68D8
:104130001B6803F01003002B08D0074B5B6823F4C7
:1041400080027B68DB68044913434B6000231846F8
:104150001837BD4680BD00BF00100240007000400F
:104160004004424280B588B000AF786000237B6194
:104170000023FB6100233B610023FB600023BB6144
:104180007B68102B0AD07B68102B00F28A807B683A
:10419000012B45D07B68022B75D082E0464B5B68D3
:1041A000FB60454B1B6803F08073002B7BD0FB68E2
:1041B0009B0C03F00F03414AD35C3B61FB6803F4A3
:1041C0008033002B15D03C4B5B685B0C03F0010384
:1041D0003B4AD35C7B61FB6803F48033002B0DD03A
:1041E000384A7B69B2FBF3F23B6902FB03F3FB61E4
:1041F00004E03B69344A02FB03F3FB612E4B5B682E
:1042000003F48003B3F5800F02D1FB69BB614AE080
:10421000FB695B002D4AA2FB03235B08BB6142E004
:10422000254B1B6AFB60FB6803F44073B3F5807F8A
:1042300008D1FB6803F00203002B03D04FF40043C6
:10424000BB611FE0FB6803F44073B3F5007F09D145
:10425000194B5B6A03F00203002B03D049F640437D
:10426000BB610FE0FB6803F44073B3F5407F1CD1E2
:10427000114B1B6803F40033002B16D04FF224437C
:10428000BB6112E011E0FFF785FE02460A4B5B6856
:104290009B0B03F0030301335B00B2FBF3F3BB6141
:1042A00004E000BF02E000BF00E000BFBB691846A9
:1042B0002037BD4680BD00BF001002408C9500082D
:1042C0009C95000800127A0000093D00ABAAAAAA3A
:1042D00080B584B000AF78600023FB607B68002B62
:1042E00001D101237AE07B685B7CDBB2002B05D136
:1042F0007B6800221A747868FEF792F87B680222C5
:104300005A74786800F0E0F90346002B04D07B680B
:1043100004225A74012361E0786800F099FA034698
:10432000002B04D07B6804225A74012356E07B687A
:104330001B685A687B681B6822F007025A607B681A
:104340009B68002B05D0274B1B6B264A23F00103EB
:104350001363244BDB6A23F460727B689B682149FA
:104360001343CB627B685B68B3F1FF3F03D07B688C
:104370005B68FB600EE00120FFF7F4FEF860FB686D
:10438000002B04D17B6804225A74012326E0FB68C9
:10439000013BFB60FB681A0C7B681B6802F00F0294
:1043A0009A607B681B68FA6892B2DA60786800F0FD
:1043B00077FA0346002B04D07B6804225A74012349
:1043C0000CE07B680022DA737B6801225A737B68F9
:1043D00001229A737B6801225A7400231846103711
:1043E000BD4680BD006C004090B587B000AFF8605E
:1043F000B9607A6000237B6100233B61FB68002B7E
:1044000002D0BB68002B01D1012380E0FB681B7C3C
:10441000012B01D102237AE0FB6801221A74FB68A8
:1044200002225A747B68002B13D1BB681B781A4692
:104430004FF4616303FB02F2BB685B7819460B46DD
:104440001B015B1A9B001344BA68927813447B618A
:104450001EE0BB681B78184600F067FA03461A4650
:104460004FF4616303FB02F4BB685B78184600F00D
:104470005CFA03461A4613461B019B1A9B001C4418
:10448000BB689B78184600F050FA034623447B61D2
:104490007969F86800F075F90346002B07D0FB68CE
:1044A00004225A74FB6800221A7401232FE0FB686F
:1044B0001B685A68FB681B6822F005025A60F8689E
:1044C00000F086F938613B69B3F1FF3F18D03A69D3
:1044D0007B699A4214D23B6903F5A83303F5C07394
:1044E0003B613969F86800F08CF90346002B07D06E
:1044F000FB6804225A74FB6800221A74012306E048
:10450000FB6801225A74FB6800221A7400231846C3
:104510001C37BD4690BD000080B588B000AFF86084
:10452000B9607A600023BB610023FB6100237B61DB
:1045300000233B61FB68002B02D0BB68002B01D13C
:104540000123B5E0FB681B685B6803F00403002BE4
:1045500001D00123ACE0F86800F0E3F8B861BB6972
:10456000554AA2FB0323DB0A3B61BA69524BA3FB0A
:104570000213DB0A4FF4616101FB03F3D31A4F4AC4
:10458000A2FB03235B09DAB2BB685A70BB694A4AD3
:10459000A2FB0312D20A4FF4616101FB02F29A1AE4
:1045A000464BA3FB021359090B461B015B1A9B00E8
:1045B000D11ACAB2BB689A703B69172B55D93B69AF
:1045C0003F4AA2FB03231B097B6139693C4BA3FBD8
:1045D00001231A0913465B001344DB00CA1AD2B246
:1045E000BB681A70F86800F0F3F8F861FB69B3F182
:1045F000FF3F08D0FA69BB699A4204D9FA69BB69DE
:10460000D31AFB6102E04FF0FF33FB617B692D4A57
:1046100002FB03F3BA69D31ABB61B969F86800F009
:10462000B0F80346002B01D0012341E0FB69B3F150
:10463000FF3F0CD0FA69BB691344FB61F969F86864
:1046400000F0DFF80346002B0AD0012330E0F969BF
:10465000F86800F0D6F80346002B01D0012327E0CC
:104660007969F86800F07EF903E03B69DAB2BB686B
:104670001A707B68002B1AD0BB681B78184600F0B4
:1046800037F903461A46BB681A70BB685B78184650
:1046900000F02EF903461A46BB685A70BB689B7837
:1046A000184600F025F903461A46BB689A700023A5
:1046B00018462037BD4680BDC5B3A2918988888839
:1046C000ABAAAAAA8051010080B584B000AF78607F
:1046D0000023FB607B68002B01D101231DE07B6878
:1046E0001B685A687B681B6822F008025A60FEF754
:1046F0004BF9F86009E0FEF747F90246FB68D31A68
:10470000B3F57A7F01D9032307E07B681B685B68F8
:1047100003F00803002BEED0002318461037BD46E7
:1047200080BD80B487B000AF786000237B82002317
:104730003B820023FB8100237B617B681B689B69B4
:104740007B827B681B68DB69FB817B681B689B69DC
:104750003B827A8A3B8A9A4208D03B8A1A047B6859
:104760001B68DB699BB213437B6104E07B8A1A04FC
:10477000FB8913437B617B6918461C37BD4680BCAF
:10478000704780B584B000AF786039600023FB7358
:10479000786800F05DF80346002B02D00123FB731C
:1047A00011E07B681B683A68120C9A617B681B6891
:1047B0003A6892B2DA61786800F072F80346002B2A
:1047C00001D00123FB73FB7B18461037BD4680BD2B
:1047D00080B485B000AF78600023FB810023BB81EB
:1047E0007B681B681B6AFB817B681B685B6ABB81FB
:1047F000FB891A04BB89134318461437BD4680BC95
:10480000704780B584B000AF786039600023FB73D7
:10481000786800F01DF80346002B02D00123FB73DB
:1048200011E07B681B683A68120C1A627B681B688F
:104830003A6892B25A62786800F032F80346002B68
:1048400001D00123FB73FB7B18461037BD4680BDAA
:1048500080B584B000AF78600023FB60FEF794F869
:10486000F86009E0FEF790F80246FB68D31AB3F54A
:104870007A7F01D903230FE07B681B685B6803F034
:104880002003002BEED07B681B685A687B681B688E
:1048900042F010025A60002318461037BD4680BD12
:1048A00080B584B000AF78600023FB607B681B6834
:1048B0005A687B681B6822F010025A60FEF764F8A1
:1048C000F86009E0FEF760F80246FB68D31AB3F51A
:1048D0007A7F01D9032307E07B681B685B6803F0DC
:1048E0002003002BEED0002318461037BD4680BDB4
:1048F00080B485B000AF0346FB710023FB6005E088
:10490000FB680133FB60FB790A3BFB71FB79092BE8
:10491000F6D8FB68DBB21B01DAB2FB791343DBB2DA
:1049200018461437BD4680BC704780B485B000AFD0
:104930000346FB710023FB60FB791B09DBB21A46BF
:1049400013469B0013445B00FB60FB7903F00F03ED
:10495000DAB2FB68DBB21344DBB218461437BD464B
:1049600080BC704780B586B000AF786039600023A6
:104970007B6100233B610023FB600023BB607B68FD
:10498000DB7B7B617B685B7B3B617B689B7BFB604C
:104990000023BB606FE03B69012B11D03B69032B07
:1049A0000ED03B69052B0BD03B69072B08D03B6928
:1049B000082B05D03B690A2B02D03B690C2B17D181
:1049C000FB681E2B03D8FB680133FB6050E03B699A
:1049D0000C2B05D03B6901333B610123FB6047E0B1
:1049E00001233B610123FB607B6901337B613FE075
:1049F0003B69042B08D03B69062B05D03B69092B8A
:104A000002D03B690B2B0CD1FB681D2B03D8FB6834
:104A10000133FB602CE03B6901333B610123FB6008
:104A200026E03B69022B23D1FB681B2B03D8FB68D4
:104A30000133FB601CE0FB681C2B11D17B699BB22E
:104A4000184600F039F80346002B03D0FB68013309
:104A5000FB600DE03B6901333B610123FB6007E034
:104A6000FB681D2B04D13B6901333B610123FB60D3
:104A7000BB680133BB60BA683B689A428BD37B69E1
:104A8000DAB27B68DA733B69DAB27B685A73FB6827
:104A9000DAB27B689A733B69DBB2FA68D2B2194624
:104AA000786900F03BF803461A467B681A7300BF2A
:104AB0001837BD4680BD000080B483B000AF034608
:104AC000FB80FB8803F003039BB2002B01D0002383
:104AD0001DE0FB88104AA2FB03125209642101FB6E
:104AE00002F29B1A9BB2002B01D001230FE0FB883E
:104AF000094AA2FB0312D2094FF4C87101FB02F26A
:104B00009B1A9BB2002B01D1012300E00023184621
:104B10000C37BD4680BC70471F85EB5180B485B013
:104B200000AF78600B46FB701346BB700023BB6080
:104B30000023FB607B6803F5FA63BB60FB78022B04
:104B40002DD8FA7813465B001344DB009B1A2C4ADD
:104B5000A2FB03235A08BB781A44BB681A44BB68FB
:104B6000013B9B081A44BB68013B2649A1FB031388
:104B70005B09D21ABB68013B2249A1FB0313DB0985
:104B800013441A1D204BA3FB0213D11A49080B44EE
:104B900099080B46DB005B1AD31AFB6029E0FA7810
:104BA00013465B001344DB009B1A154AA2FB032348
:104BB0005A08BB781A44BB681A44BB689B081A445D
:104BC000BB681049A1FB03135B09D21ABB680D49EE
:104BD000A1FB0313DB0913449A1C0B4BA3FB021329
:104BE000D11A49080B4499080B46DB005B1AD31A0B
:104BF000FB60FB68DBB218461437BD4680BC7047CB
:104C0000398EE3381F85EB512549922480B582B057
:104C100000AF78607B68002B01D1012341E07B6805
:104C200093F83D30DBB2002B06D17B68002283F87D
:104C30003C207868FDF718FC7B68022283F83D2051
:104C40007B681A687B6804331946104600F054FEEE
:104C50007B68012283F846207B68012283F83E208E
:104C60007B68012283F83F207B68012283F8402083
:104C70007B68012283F841207B68012283F842206F
:104C80007B68012283F843207B68012283F844205B
:104C90007B68012283F845207B68012283F83D2050
:104CA000002318460837BD4680BD000080B485B09B
:104CB00000AF78607B6893F83D30DBB2012B01D008
:104CC000012332E07B68022283F83D207B681B6869
:104CD000184A93420ED07B681B68B3F1804F09D00D
:104CE0007B681B68144A934204D07B681B68134A94
:104CF000934211D17B681B689B6803F00703FB603C
:104D0000FB68062B10D07B681B681A687B681B68E1
:104D100042F001021A6007E07B681B681A687B6832
:104D20001B6842F001021A60002318461437BD4682
:104D300080BC7047002C0140000400400008004087
:104D400080B582B000AF78607B68002B01D1012371
:104D500041E07B6893F83D30DBB2002B06D17B68E5
:104D6000002283F83C20786800F039F87B68022242
:104D700083F83D207B681A687B6804331946104627
:104D800000F0BAFD7B68012283F846207B6801228F
:104D900083F83E207B68012283F83F207B68012254
:104DA00083F840207B68012283F841207B68012240
:104DB00083F842207B68012283F843207B6801222C
:104DC00083F844207B68012283F845207B68012218
:104DD00083F83D20002318460837BD4680BD80B4C7
:104DE00083B000AF786000BF0C37BD4680BC704711
:104DF00080B584B000AF786039603B68002B09D182
:104E00007B6893F83E30DBB2012B14BF01230023F3
:104E1000DBB222E03B68042B09D17B6893F83F307A
:104E2000DBB2012B14BF01230023DBB215E03B688A
:104E3000082B09D17B6893F84030DBB2012B14BFFB
:104E400001230023DBB208E07B6893F84130DBB23A
:104E5000012B14BF01230023DBB2002B01D001235F
:104E60005EE03B68002B04D17B68022283F83E2081
:104E700013E03B68042B04D17B68022283F83F20B7
:104E80000BE03B68082B04D17B68022283F84020AA
:104E900003E07B68022283F841207B681B680122C3
:104EA0003968184601F0C1F87B681B681E4A9342B6
:104EB00007D17B681B685A6C7B681B6842F4004210
:104EC0005A647B681B68184A93420ED07B681B6843
:104ED000B3F1804F09D07B681B68144A934204D019
:104EE0007B681B68124A934211D17B681B689B68E0
:104EF00003F00703FB60FB68062B10D07B681B6880
:104F00001A687B681B6842F001021A6007E07B6840
:104F10001B681A687B681B6842F001021A60002354
:104F200018461037BD4680BD002C014000040040EB
:104F30000008004080B582B000AF78607B68002B2D
:104F400001D1012341E07B6893F83D30DBB2002BB7
:104F500006D17B68002283F83C20786800F039F89D
:104F60007B68022283F83D207B681A687B680433E3
:104F70001946104600F0C0FC7B68012283F84620E9
:104F80007B68012283F83E207B68012283F83F2062
:104F90007B68012283F840207B68012283F841204E
:104FA0007B68012283F842207B68012283F843203A
:104FB0007B68012283F844207B68012283F8452026
:104FC0007B68012283F83D20002318460837BD4640
:104FD00080BD80B483B000AF786000BF0C37BD46A1
:104FE00080BC704780B584B000AF78603960002322
:104FF000FB733B68002B04D17B6893F83E30DBB237
:1050000013E03B68042B04D17B6893F83F30DBB29C
:105010000BE03B68082B04D17B6893F84030DBB28F
:1050200003E07B6893F84130DBB2BB733B68002B35
:1050300004D17B6893F84230DBB213E03B68042B69
:1050400004D17B6893F84330DBB20BE03B68082B5C
:1050500004D17B6893F84430DBB203E07B6893F8BB
:105060004530DBB27B73BB7B012B02D17B7B012BF9
:1050700001D00123B8E03B68002B04D17B680222F9
:1050800083F83E2013E03B68042B04D17B680222A6
:1050900083F83F200BE03B68082B04D17B68022299
:1050A00083F8402003E07B68022283F841203B68BC
:1050B000002B04D17B68022283F8422013E03B6876
:1050C000042B04D17B68022283F843200BE03B6869
:1050D000082B04D17B68022283F8442003E07B681C
:1050E000022283F845203B680C2B41D801A252F8DC
:1050F00023F000BF295100087151000871510008C8
:10510000715100083B5100087151000871510008AD
:10511000715100084D51000871510008715100088B
:10512000715100085F5100087B681B68DA687B6872
:105130001B6842F00202DA601DE07B681B68DA68D7
:105140007B681B6842F00402DA6014E07B681B682D
:10515000DA687B681B6842F00802DA600BE07B6863
:105160001B68DA687B681B6842F01002DA6002E0B4
:105170000123FB7300BFFB7B002B34D17B681B68D2
:1051800001223968184600F050FF7B681B68184AF6
:1051900093420ED07B681B68B3F1804F09D07B68C7
:1051A0001B68144A934204D07B681B68124A9342DE
:1051B00011D17B681B689B6803F00703BB60BB6869
:1051C000062B10D07B681B681A687B681B6842F04E
:1051D00001021A6007E07B681B681A687B681B681D
:1051E00042F001021A60FB7B18461037BD4680BDB5
:1051F000002C0140000400400008004080B584B04D
:1052000000AF78607B681B68DB68FB607B681B68AD
:105210001B69BB60BB6803F00203002B20D0FB6856
:1052200003F00203002B1BD07B681B686FF00202A7
:105230001A617B6801221A777B681B689B6903F0FF
:105240000303002B03D07868FCF7B0F805E078681A
:1052500000F037FB786800F03DFB7B6800221A778E
:10526000BB6803F00403002B20D0FB6803F00403A9
:10527000002B1BD07B681B686FF004021A617B68EF
:1052800002221A777B681B689B6903F44073002B2A
:1052900003D07868FCF78AF805E0786800F011FB25
:1052A000786800F017FB7B6800221A77BB6803F070
:1052B0000803002B20D0FB6803F00803002B1BD051
:1052C0007B681B686FF008021A617B6804221A77FA
:1052D0007B681B68DB6903F00303002B03D078684D
:1052E000FCF764F805E0786800F0EBFA786800F005
:1052F000F1FA7B6800221A77BB6803F01003002BD9
:1053000020D0FB6803F01003002B1BD07B681B68C8
:105310006FF010021A617B6808221A777B681B689D
:10532000DB6903F44073002B03D07868FCF73EF888
:1053300005E0786800F0C5FA786800F0CBFA7B6881
:1053400000221A77BB6803F00103002B0CD0FB6826
:1053500003F00103002B07D07B681B686FF001028C
:105360001A61786800F0A4FABB6803F08003002B90
:105370000CD0FB6803F08003002B07D07B681B6810
:105380006FF080021A61786800F0DBFEBB6803F002
:105390004003002B0CD0FB6803F04003002B07D028
:1053A0007B681B686FF040021A61786800F09BFA16
:1053B000BB6803F02003002B0CD0FB6803F0200334
:1053C000002B07D07B681B686FF020021A61786899
:1053D00000F0AEFE00BF1037BD4680BD80B586B080
:1053E00000AFF860B9607A600023FB75FB6893F842
:1053F0003C30012B01D1022388E0FB68012283F8B5
:105400003C207B68002B1BD1FB681868BB681968BF
:10541000BB685A68BB68DB6800F064FCFB681B680B
:105420009A69FB681B6822F00C029A61FB681B6892
:105430009969BB689A68FB681B680A439A6160E0D7
:105440007B68042B1CD1FB681868BB681968BB68B3
:105450005A68BB68DB6800F0CDFCFB681B689A6982
:10546000FB681B6822F440629A61FB681B689969BB
:10547000BB689B681A02FB681B680A439A6140E09C
:105480007B68082B1BD1FB681868BB681968BB6870
:105490005A68BB68DB6800F018FDFB681B68DA69B6
:1054A000FB681B6822F00C02DA61FB681B68D96993
:1054B000BB689A68FB681B680A43DA6121E07B6875
:1054C0000C2B1CD1FB681868BB681968BB685A684C
:1054D000BB68DB6800F034FDFB681B68DA69FB68B9
:1054E0001B6822F44062DA61FB681B68D969BB68FB
:1054F0009B681A02FB681B680A43DA6101E001231A
:10550000FB75FB68002283F83C20FB7D18461837AA
:10551000BD4680BD80B586B000AFF860B9607A60E6
:105520000023FB75FB6893F83C30012B01D102236B
:10553000AEE0FB68012283F83C207B680C2B00F274
:105540009F8001A252F823F07D5500088156000883
:105550008156000881560008BD5500088156000894
:105560008156000881560008FF5500088156000842
:1055700081560008815600083F560008FB681B68EA
:10558000B968184600F026FAFB681B689A69FB6840
:105590001B6842F008029A61FB681B689A69FB6805
:1055A0001B6822F004029A61FB681B689969BB685A
:1055B0001A69FB681B680A439A6164E0FB681B6810
:1055C000B968184600F06CFAFB681B689A69FB68BA
:1055D0001B6842F400629A61FB681B689A69FB6869
:1055E0001B6822F480629A61FB681B689969BB683A
:1055F0001B691A02FB681B680A439A6143E0FB6857
:105600001B68B968184600F0B5FAFB681B68DA69D0
:10561000FB681B6842F00802DA61FB681B68DA6904
:10562000FB681B6822F00402DA61FB681B68D96919
:10563000BB681A69FB681B680A43DA6123E0FB68F0
:105640001B68B968184600F0FFFAFB681B68DA6946
:10565000FB681B6842F40062DA61FB681B68DA6968
:10566000FB681B6822F48062DA61FB681B68D969F9
:10567000BB681B691A02FB681B680A43DA6102E017
:105680000123FB7500BFFB68002283F83C20FB7DF3
:1056900018461837BD4680BD80B584B000AF78602D
:1056A00039600023FB737B6893F83C30012B01D1F8
:1056B0000223B4E07B68012283F83C207B6802224D
:1056C00083F83D207B681B689B68BB60BB6823F048
:1056D0007703BB60BB6823F47F43BB607B681B68B8
:1056E000BA689A603B681B68B3F5005F3ED0B3F5BB
:1056F000005F00F28780B3F5805F00F08680B3F52D
:10570000805F7FD8702B1AD0702B7BD8602B50D045
:10571000602B77D8502B3CD0502B73D8402B58D0CF
:10572000402B6FD8302B64D0302B6BD8202B60D01F
:10573000202B67D8002B5CD0102B5AD062E07B68FE
:1057400018683B6899683B685A683B68DB6800F0FA
:105750004DFC7B681B689B68BB60BB6843F07703AC
:10576000BB607B681B68BA689A604FE07B6818680A
:105770003B6899683B685A683B68DB6800F036FC18
:105780007B681B689A687B681B6842F480429A6059
:105790003CE07B6818683B6859683B68DB681A46E0
:1057A00000F0FAFA7B681B685021184600F004FCF0
:1057B0002CE07B6818683B6859683B68DB681A46D0
:1057C00000F054FB7B681B686021184600F0F4FB76
:1057D0001CE07B6818683B6859683B68DB681A46C0
:1057E00000F0DAFA7B681B684021184600F0E4FB01
:1057F0000CE07B681A683B681B681946104600F08D
:10580000DBFB03E00123FB7300E000BF7B680122A8
:1058100083F83D207B68002283F83C20FB7B184600
:105820001037BD4680BD000080B485B000AF786001
:1058300039600023FB603B680C2B31D801A252F881
:1058400023F000BF79580008A1580008A1580008AB
:10585000A158000883580008A1580008A158000862
:10586000A15800088D580008A1580008A158000848
:10587000A1580008975800087B681B685B6BFB60A9
:105880000FE07B681B689B6BFB600AE07B681B6812
:10589000DB6BFB6005E07B681B681B6CFB6000E05A
:1058A00000BFFB6818461437BD4680BC704700BF78
:1058B00080B483B000AF786000BF0C37BD4680BCB9
:1058C000704780B483B000AF786000BF0C37BD462E
:1058D00080BC704780B483B000AF786000BF0C37E5
:1058E000BD4680BC704780B483B000AF786000BF15
:1058F0000C37BD4680BC704780B485B000AF78607F
:1059000039607B681B68FB607B682F4A93420BD031
:105910007B68B3F1804F07D07B682C4A934203D059
:105920007B682B4A934208D1FB6823F07003FB602D
:105930003B685B68FA681343FB607B68224A9342CA
:105940000BD07B68B3F1804F07D07B681F4A93422E
:1059500003D07B681E4A934208D1FB6823F440734E
:10596000FB603B68DB68FA681343FB60FB6823F06D
:1059700080023B685B691343FB607B68FA681A60CE
:105980003B689A687B68DA623B681A687B689A624F
:105990007B680D4A934203D13B681A697B681A639E
:1059A0007B6801225A617B681B6903F00103002BAD
:1059B00005D07B681B6923F001027B681A6100BF78
:1059C0001437BD4680BC7047002C014000040040E5
:1059D0000008004080B487B000AF786039607B6811
:1059E0001B6A7B617B681B6A23F001027B681A6279
:1059F0007B685B683B617B689B69FB60FB6823F0AD
:105A00007003FB60FB6823F00303FB603B681B68CB
:105A1000FA681343FB607B6923F002037B613B68F8
:105A20009B687A6913437B617B681C4A93420CD163
:105A30007B6923F008037B613B68DB687A69134369
:105A40007B617B6923F004037B617B68134A93428B
:105A500011D13B6923F480733B613B6923F40073EC
:105A60003B613B685B693A6913433B613B689B69F7
:105A70003A6913433B617B683A695A607B68FA680C
:105A80009A613B685A687B685A637B687A691A62D4
:105A900000BF1C37BD4680BC704700BF002C0140D2
:105AA00080B487B000AF786039607B681B6A7B6127
:105AB0007B681B6A23F010027B681A627B685B6854
:105AC0003B617B689B69FB60FB6823F4E043FB6000
:105AD000FB6823F44073FB603B681B681B02FA6899
:105AE0001343FB607B6923F020037B613B689B6869
:105AF0001B017A6913437B617B681D4A93420DD178
:105B00007B6923F080037B613B68DB681B017A695A
:105B100013437B617B6923F040037B617B68144AFC
:105B2000934213D13B6923F480633B613B6923F4C7
:105B300000633B613B685B699B003A6913433B61CF
:105B40003B689B699B003A6913433B617B683A69F8
:105B50005A607B68FA689A613B685A687B689A6306
:105B60007B687A691A6200BF1C37BD4680BC7047EB
:105B7000002C014080B487B000AF786039607B684A
:105B80001B6A7B617B681B6A23F480727B681A62E4
:105B90007B685B683B617B68DB69FB60FB6823F0CB
:105BA0007003FB60FB6823F00303FB603B681B682A
:105BB000FA681343FB607B6923F400737B613B68E5
:105BC0009B681B027A6913437B617B681D4A934281
:105BD0000DD17B6923F400637B613B68DB681B02AA
:105BE0007A6913437B617B6923F480637B617B6803
:105BF000144A934213D13B6923F480533B613B69C0
:105C000023F400533B613B685B691B013A69134312
:105C10003B613B689B691B013A6913433B617B68AD
:105C20003A695A607B68FA68DA613B685A687B684F
:105C3000DA637B687A691A6200BF1C37BD4680BC94
:105C4000704700BF002C014080B487B000AF78607F
:105C500039607B681B6A3B617B681B6A23F4805256
:105C60007B681A627B685B687B617B68DB69FB60D1
:105C7000FB6823F4E043FB60FB6823F44073FB60A4
:105C80003B681B681B02FA681343FB603B6923F403
:105C900000533B613B689B681B033A6913433B61BC
:105CA0007B680F4A934209D17B6923F480437B616F
:105CB0003B685B699B017A6913437B617B687A6906
:105CC0005A607B68FA68DA613B685A687B681A64D4
:105CD0007B683A691A6200BF1C37BD4680BC7047BA
:105CE000002C014080B487B000AFF860B9607A60E2
:105CF0003B60FB681B6A3B61FB681B6A23F0010287
:105D0000FB681A62FB689B697B61FB681F4A9342D0
:105D10000BD0FB68B3F1804F07D0FB681C4A93425D
:105D200003D0FB681B4A934201D1012300E000230A
:105D3000002B08D07B6923F003037B617A697B68C1
:105D400013437B6103E07B6943F001037B617B6963
:105D500023F0F0037B613B681B01DBB27A691343DC
:105D60007B613B6923F00A033B61BB6803F00A03D4
:105D70003A6913433B61FB687A699A61FB683A6947
:105D80001A6200BF1C37BD4680BC7047002C014022
:105D9000000400400008004080B487B000AFF86005
:105DA000B9607A60FB681B6A7B61FB681B6A23F041
:105DB0000102FB681A62FB689B693B613B6923F047
:105DC000F0033B617B681B013A6913433B617B69CC
:105DD00023F00A037B617A69BB6813437B61FB682C
:105DE0003A699A61FB687A691A6200BF1C37BD463E
:105DF00080BC704780B487B000AFF860B9607A604B
:105E00003B60FB681B6A7B61FB681B6A23F0100226
:105E1000FB681A62FB689B693B613B6923F4407332
:105E20003B617B681B023A6913433B613B6923F486
:105E300070433B613B681B039BB23A6913433B6170
:105E40007B6923F0A0037B61BB681B0103F0A00307
:105E50007A6913437B61FB683A699A61FB687A69E6
:105E60001A6200BF1C37BD4680BC704780B487B043
:105E700000AFF860B9607A60FB681B6A7B61FB6801
:105E80001B6A23F01002FB681A62FB689B693B6186
:105E90003B6923F470433B617B681B033A691343FE
:105EA0003B617B6923F0A0037B61BB681B017A69BE
:105EB00013437B61FB683A699A61FB687A691A62ED
:105EC00000BF1C37BD4680BC704780B487B000AFB0
:105ED000F860B9607A603B60FB681B6A7B61FB68B5
:105EE0001B6A23F48072FB681A62FB68DB693B6102
:105EF0003B6923F003033B613A697B6813433B61D1
:105F00003B6923F0F0033B613B681B01DBB23A695C
:105F100013433B617B6923F400737B61BB681B0205
:105F200003F400737A6913437B61FB683A69DA61B1
:105F3000FB687A691A6200BF1C37BD4680BC704797
:105F400080B487B000AFF860B9607A603B60FB68EE
:105F50001B6A7B61FB681B6A23F48052FB681A6230
:105F6000FB68DB693B613B6923F440733B617B6801
:105F70001B023A6913433B613B6923F470433B6165
:105F80003B681B039BB23A6913433B617B6923F473
:105F900000537B61BB681B0303F400537A6913430E
:105FA0007B61FB683A69DA61FB687A691A6200BF53
:105FB0001C37BD4680BC704780B485B000AF7860A8
:105FC00039607B689B68FB60FB6823F07003FB60B3
:105FD0003A68FB68134343F00703FB607B68FA6889
:105FE0009A6000BF1437BD4680BC704780B487B04C
:105FF00000AFF860B9607A603B60FB689B687B61CA
:106000007B6923F47F437B613B681A027B681A43F8
:10601000BB6813437A6913437B61FB687A699A60B2
:1060200000BF1C37BD4680BC704780B487B000AF4E
:10603000F860B9607A60BB6803F01F03012202FABE
:1060400003F37B61FB681A6A7B69DB431A40FB68D8
:106050001A62FB681A6ABB6803F01F03796801FAC9
:1060600003F31A43FB681A6200BF1C37BD4680BCAD
:106070007047000080B485B000AF786039607B68FD
:1060800093F83C30012B01D1022346E07B680122CA
:1060900083F83C207B68022283F83D207B681B68E4
:1060A0005B68FB607B681B689B68BB60FB6823F0D8
:1060B0007003FB603B681B68FA681343FB607B68F6
:1060C0001B68FA685A607B681B68164A93420ED0B8
:1060D0007B681B68B3F1804F09D07B681B68124A4C
:1060E000934204D07B681B68104A93420CD1BB6872
:1060F00023F08003BB603B685B68BA681343BB60F6
:106100007B681B68BA689A607B68012283F83D202F
:106110007B68002283F83C20002318461437BD46D4
:1061200080BC7047002C0140000400400008004083
:1061300080B483B000AF786000BF0C37BD4680BC30
:10614000704780B483B000AF786000BF0C37BD46A5
:1061500080BC704780B582B000AF78607B68002B50
:1061600001D1012342E07B6893F84130DBB2002B80
:1061700006D17B68002283F840207868FCF734FA67
:106180007B68242283F841207B681B68DA687B687F
:106190001B6822F40052DA60786800F071F97B68BD
:1061A0001B681A697B681B6822F490421A617B683D
:1061B0001B685A697B681B6822F02A025A617B6857
:1061C0001B68DA687B681B6842F40052DA607B68FF
:1061D00000225A647B68202283F841207B682022B9
:1061E00083F842207B6800225A6300231846083750
:1061F000BD4680BD80B58AB002AFF860B9603B6033
:106200001346FB8000237B61FB6893F84130DBB2CF
:10621000202B75D1BB68002B02D0FB88002B01D14D
:1062200001236EE0FB6800225A64FB68212283F898
:106230004120FCF7A9FB7861FB68FA889A84FB6827
:10624000FA88DA84FB689B68B3F5805F08D1FB6845
:106250001B69002B04D10023FB61BB68BB6103E019
:10626000BB68FB610023BB612EE03B6800937B6948
:1062700000228021F86800F048F80346002B05D082
:10628000FB68202283F8412003233AE0FB69002BBE
:106290000BD1BB691B881A46FB681B68C2F3080256
:1062A0005A60BB690233BB6107E0FB691A78FB687F
:1062B0001B685A60FB690133FB61FB68DB8C9BB296
:1062C000013B9AB2FB68DA84FB68DB8C9BB2002B43
:1062D000CBD13B6800937B6900224021F86800F035
:1062E00014F80346002B05D0FB68202283F84120D8
:1062F000032306E0FB68202283F84120002300E00E
:10630000022318462037BD4680BD80B586B000AF59
:10631000F860B9603B601346FB713BE03B6AB3F148
:10632000FF3F37D0FCF730FB02463B68D31A3A6A8E
:106330009A4202D33B6A002B01D103233AE0FB6867
:106340001B68DB6803F00403002B23D0BB68802BA1
:1063500020D0BB68402B1DD0FB681B681B6803F076
:106360000803082B16D100237B61FB681B681B68A0
:106370007B61FB681B685B687B617B69F86800F088
:106380001DF8FB6808225A64FB68002283F840204D
:1063900001230FE0FB681B681A68BB681340BA68EA
:1063A0009A420CBF01230023DBB21A46FB799A42C2
:1063B000B4D0002318461837BD4680BD80B495B0D0
:1063C00000AF78607B681B680C337B637B6B53E8A2
:1063D000003F3B633B6B23F49073FB647B681B685B
:1063E0000C33FA6C3A64FB63F96B3A6C41E80023B6
:1063F000BB63BB6B002BE5D17B681B6814333B622E
:106400003B6A53E8003FFB61FB6923F00103BB6477
:106410007B681B681433BA6CFA62BB62B96AFA6AA9
:1064200041E800237B627B6A002BE5D17B681B6B14
:10643000012B19D17B681B680C33FB60FB6853E8A8
:10644000003FBB60BB6823F010037B647B681B6864
:106450000C337A6CBA617B617969BA6941E80023CF
:106460003B613B69002BE5D17B68202283F8422009
:106470007B6800221A6300BF5437BD4680BC70475A
:1064800080B584B000AF78607B681B681B6923F41B
:1064900040517B68DA687B681B680A431A617B6835
:1064A0009A687B681B691A437B685B691343BB600E
:1064B0007B681B68DB6823F4B05323F00C037A6815
:1064C0001268B9680B43D3607B681B685B6923F46F
:1064D00040717B689A697B681B680A435A617B68D4
:1064E0001B682C4A934203D1FDF754FDF86002E08B
:1064F000FDF73CFDF860FA6813469B0013449A00D0
:106500001A447B685B689B00B2FBF3F3224AA2FB50
:1065100003235B091901FA6813469B0013449A0090
:106520001A447B685B689B00B2FBF3F21A4BA3FB37
:1065300002035B09642000FB03F3D31A1B0132330F
:10654000154AA2FB03235B0903F0F0031944FA6820
:1065500013469B0013449A001A447B685B689B00B7
:10656000B2FBF3F20C4BA3FB02035B09642000FBBC
:1065700003F3D31A1B013233074AA2FB03235B093F
:1065800003F00F027B681B680A449A6000BF103753
:10659000BD4680BD003801401F85EB510A22002115
:1065A00000F07AB8242B2DE9F0478646904601D8B2
:1065B000012B06D100F070FE162303600020BDE819
:1065C000F0870D4633482A4615F8014B065D16F054
:1065D0000806F8D12D2C10D101262C78951C33F00B
:1065E000100215D1302C0DD12A7802F0DF02582A82
:1065F00008D16C78023510230AE02B2C04BF2C78CC
:10660000951CECE7002BF6D1302C14BF0A2308238D
:10661000002206F1004C0CF1FF3CBCFBF3F91046E4
:1066200003FB19CAA4F13007092F0FD83C46A34237
:106630001BDD571C07D0814514D301D1A24511DBC6
:10664000012200FB034015F8014BEBE7A4F14107E1
:10665000192F01D8373CEAE7A4F16107192F04D8B4
:10666000573CE4E74FF0FF32EDE7531C08D12223FB
:106670006046CEF80030B8F1000FA0D0691E06E0E9
:1066800006B14042B8F1000F99D0002AF6D1C8F8FF
:10669000001094E79F95000813460A4601460248F9
:1066A0000068FFF77FBF00BF2C000020002B2DE902
:1066B000F0471D46BBBF03F100431D4600232D23B9
:1066C00088B01446B8BF1446129A109E1370149BDB
:1066D000DDF84CA023F02008B8F1460F05D0B8F142
:1066E000450F00D10136022300E0032307AA0492DC
:1066F00006AACDE902A2CDE9003622462B4600F0DB
:106700008FFEB8F1470F074619D1119BDB070ED555
:1067100000EB06090022002320462946FAF74EF92D
:1067200008B1CDF81C903022079B4B451ED338464C
:10673000079B159ADB1B136008B0BDE8F087B8F122
:10674000460F00EB0609E5D10378302B0AD1002271
:10675000002320462946FAF731F918B9C6F1010697
:10676000CAF80060DAF800309944D3E7591C079161
:106770001A70D9E7F7B50029B6BF2D232B2349425C
:1067800009290270437029DD0DF107031D460A2710
:10679000B1FBF7F61A4607FB1614303402F8014C29
:1067A0000C46632C314603F1FF33F1DC3031941E8B
:1067B00003F8011C2346411CAB420AD30DF1090327
:1067C0009B1AAC4288BF002302330344181A03B05B
:1067D000F0BD13F8016B01F8016FEDE730233031A4
:1067E0008370C170031DF1E72DE9F04F91B00C46A5
:1067F000DDF8688016461F46054600F003FD036875
:1068000018460893F9F7AEFC00230E93D8F8003031
:106810000990073323F0070303F1080294F818A046
:10682000D4F800B0C8F80020D3E9008929F000436B
:106830000B93CDF828804FF0FF32DDE90A01C4E95F
:1068400012899C4BFAF7ECF870BBDDE90A014FF0B6
:10685000FF32984BFAF7C6F830BB002200234046BF
:106860004946FAF7B5F810B12D2384F84330924A1F
:10687000924BBAF1470F8CBF9046984603234FF0D6
:10688000000923612BF00403236033462146284688
:1068900000970FAA00F0D4F9013040F090804FF03B
:1068A000FF3011B0BDE8F08F42464B4640464946A6
:1068B000FAF7B6F848B14B46002BB8BF2D23804AF3
:1068C000B8BF84F843307F4BD3E763680AF0DF0139
:1068D0005A1C3FD10623636000224BF4806323607F
:1068E00006920EAACDE904A20DAA03920DF133027D
:1068F000CDE9013263684246009328464B460A912F
:10690000FFF7D4FE0A99804647290D9928D1C81C63
:1069100002DB6368994240DDAAF1020A5FFA8AFA53
:106920005246013904F150000D91FFF723FF0E9AF2
:1069300081461318012A236102DC2268D20701D59F
:10694000013323619DF83330002B9ED02D2384F832
:1069500043309AE74729BFD1002BBDD10123BAE7C5
:10696000BAF1650FDCD9BAF1660F18D10029636856
:106970000BDD216113B92268D00702D501330B4426
:1069800023614FF00009A165DCE713B92268D20743
:1069900001D50233F4E70123F2E74FF0670A0E9BBB
:1069A000994205DB23682161D807EAD54B1CE7E74C
:1069B0000029CCBF0122C1F102021344E0E72368A1
:1069C0005A0507D42369424631462846B847013064
:1069D0002BD164E7BAF1650F40F2DC80D4E91201F3
:1069E00000220023F9F7EAFF002833D001233146C3
:1069F0002846354AB84701303FF451AFDDE90D383C
:106A0000434502DB2368D8070FD5DDE9082331466B
:106A10002846B84701303FF442AF4FF0000908F173
:106A2000FF3804F11A0AC84509DC23689B0700F106
:106A30000281E0680F9B9842B8BF184631E70123F6
:106A4000524631462846B84701303FF428AF09F195
:106A50000109E8E70D9B002B38DC0123314628466D
:106A6000194AB84701303FF41AAFDDE90D3959EA48
:106A7000030302D12368D907D7D5DDE908233146BE
:106A80002846B84701303FF40AAF4FF0000A04F13E
:106A90001A0B0D9B5B42534501DC4B4693E70123E8
:106AA0005A4631462846B84701303FF4F8AE0AF15D
:106AB000010AEEE7FFFFEF7FA39600089F9600080C
:106AC000AB960008A7960008AF960008A36DDDF806
:106AD00038A05345A8BF5346002B994636DC4FF0EB
:106AE000000B29EAE97904F11A02A36D0A93A3EBDA
:106AF00009035B4531DC0D9B9A453ADC2368DA07D4
:106B000037D40D9BAAEB03090A9BAAEB0303994513
:106B1000A8BF9946B9F1000F33DC4FF0000829EA0D
:106B2000E97904F11A0B0D9BAAEB0303A3EB09030C
:106B300043457FF77AAF01235A4631462846B84786
:106B400001303FF4ACAE08F10108ECE742463146B3
:106B50002846B8470130C2D1A1E601233146284674
:106B60000A92B84701303FF49AAE0A9A0BF1010B32
:106B7000BBE73146DDE908232846B8470130C0D1DC
:106B80008DE60A9A4B46314628464244B8470130C2
:106B9000C3D184E6DDF838A0BAF1010F01DCDB07D0
:106BA00036D50123424631462846B84701303FF4E6
:106BB00076AEDDE9082331462846B84701303FF478
:106BC0006EAED4E91201002200230AF1FF3AF9F770
:106BD000F5FEC0B9534608F1010231462846B847D0
:106BE00001300CD15BE601235A4631462846B847AE
:106BF00001303FF454AE08F10108D045F3DB4B46B9
:106C000004F15002E0E64FF0000804F11A0BF4E73B
:106C100001234246E1E701234A4631462846B84768
:106C200001303FF43CAE08F10108E3680F995B1AAC
:106C30004345F0DCFDE64FF0000804F11909F4E7E4
:106C40002DE9F047164698468A680B690746934235
:106C5000B8BF1346336091F843200C46DDF820900E
:106C60000AB1013333602368990642BF33680233A7
:106C70003360256815F0060506D104F1190AE368AA
:106C800032689B1AAB422BDC94F843302268003BFD
:106C900018BF0123920630D44146384604F143021E
:106CA000C847013023D02368226903F00603042B70
:106CB00014BF002533684FF0000608BFE56804F1F3
:106CC0001A0408BFED1A54F8123C08BF25EAE5750E
:106CD0009342C4BF9B1AED18B5421AD1002008E0B8
:106CE0000123524641463846C847013003D14FF090
:106CF000FF30BDE8F0870135C1E73020E11881F8A9
:106D000043005A1C94F845102244023382F8431081
:106D1000C2E70123224641463846C8470130E6D043
:106D20000136D9E72DE9FF470F7E9146782F80463F
:106D30000C469A460C9E01F1430207D8622F0AD8EE
:106D4000002F00F0D180582F00F0B88004F14206E7
:106D500084F842703AE0A7F16303152BF6D801A13D
:106D600051F823F0BD6D0008D16D00084D6D00088D
:106D70004D6D00084D6D00084D6D0008D16D000887
:106D80004D6D00084D6D00084D6D00084D6D0008FB
:106D9000CF6E0008FB6D0008896E00084D6D00087D
:106DA0004D6D0008F16E00084D6D0008FB6D000888
:106DB0004D6D00084D6D0008916E000833681A1D76
:106DC0001B68326004F1420684F8423001239CE0E3
:106DD00033682068191D3160060601D51D6803E07F
:106DE0004506FBD5B3F90050002D03DA2D236D4283
:106DF00084F843300A23584811E0216833680806B4
:106E000053F8045B02D4490648BFADB26F2F33601C
:106E100014BF0A2308235048002184F843106668F1
:106E2000002EA66005DB21682E4321F004012160BD
:106E30004BD01646B5FBF3F103FB1157C75D06F8BF
:106E4000017D2F46BB420D46F4D9082B0BD1236898
:106E5000DF0708D5236961689942DEBF302306F851
:106E6000013C06F1FF36921B22614B46214640460B
:106E7000CDF800A003AAFFF7E3FE01304AD14FF09E
:106E8000FF3004B0BDE8F087236843F0200323609F
:106E90007827324884F84570236831681F0651F816
:106EA000045B02D45F0648BFADB23160D90744BF6E
:106EB00043F0200323601DB11023ADE72648E9E726
:106EC000236823F020032360F6E71646BDE7336806
:106ED0002568181D616930602E061B6801D5196090
:106EE00002E06806FBD51980002316462361BCE743
:106EF000336800211A1D32601E686268304600F057
:106F0000F8F908B1801B606063682361002384F88E
:106F10004330AAE73246494640462369D04701300C
:106F2000ADD023689B0713D4E068039B9842B8BF99
:106F30001846A6E70123324649464046D04701306D
:106F40009DD00135E36803995B1AAB42F2DCEBE7B5
:106F5000002504F11906F5E7B1960008C29600086D
:106F6000002310B50446C0E90033C0E90433836050
:106F700081814366C2818361194608225C3000F03A
:106F800016F90D4B246263620C4BA3620C4BE36257
:106F90000C4B23630C4B9C4206D003F168029442D5
:106FA00002D0D0339C4205D104F15800BDE8104016
:106FB00000F09CB910BD00BF297100084B7100089A
:106FC00083710008A771000818040020024A0349D1
:106FD000034800F069B800BF20000020698C000859
:106FE0003000002041680C4B10B59942044601D096
:106FF00001F03AFEA168094B994202D0204601F007
:1070000033FEE168064B994204D02046BDE81040AB
:1070100001F02ABE10BD00BF18040020800400202B
:10702000E804002010B50B4B0B4C0C4A20461A60AC
:1070300004210022FFF794FF04F1680001220921D6
:10704000FFF78EFF04F1D0000222BDE810401221AC
:10705000FFF786BF5005002018040020CD6F000800
:10706000014800F044B900BF59050020014800F074
:107070003FB900BF5905002010B50446FFF7F0FFE7
:10708000236A1BB1BDE81040FFF7F0BF044B236239
:10709000044B1B68002BF5D1FFF7C4FFF2E700BFDC
:1070A000E56F0008500500202DE9F84307468846A3
:1070B00014460026D4E90195B9F1010905D52468E3
:1070C000002CF7D13046BDE8F883AB89012B07D9F6
:1070D000B5F90E30013303D029463846C047064380
:1070E0006835E9E70EB46FF0004110B500249DB09B
:1070F0001FAB02900690079104910948094953F883
:10710000042B0591006802A901931B9401F030FC47
:10711000029B1C701DB0BDE8104003B0704700BF5B
:107120002C0000200802FFFF10B50C46B1F90E102C
:1071300000F08EF80028ABBF636DA3891B1823F401
:107140008053ACBF6365A38110BD2DE9F0411F469C
:107150008B890546DB050C46164605D50223002221
:10716000B1F90E1000F062F8A389324623F480537F
:10717000A38128463B46B4F90E10BDE8F04100F06B
:1071800079B810B50C46B1F90E1000F04FF8431C59
:10719000A38915BF606523F4805343F48053A38112
:1071A00018BFA38110BDB1F90E1000F02FB803462F
:1071B0000244934200D1704703F8011BF9E70246ED
:1071C00010B5147813460132002CFAD1013B11F8A6
:1071D000012B03F8012F002AF9D110BD30B5044668
:1071E000257823460134002DFAD1013A04D311F851
:1071F000014B03F8014B04B930BD002AF5D11A70D8
:10720000F3E70000004870476C01002038B5002308
:10721000054D044608462B60FBF7CBFA431C02D110
:107220002B6803B1236038BD5405002038B50446EF
:10723000084611460022054D2A601A46FBF7DDFA82
:10724000431C02D12B6803B1236038BD54050020D4
:1072500038B50446084611460022054D2A601A46F4
:10726000FBF76EFA431C02D12B6803B1236038BDD3
:107270005405002038B50446084611460022054D45
:107280002A601A46FBF779FA431C02D12B6803B136
:10729000236038BD54050020014B1868704700BFBB
:1072A0002C00002070B500260C4D0D4C641BA41062
:1072B000A64209D102F074F800260A4D0A4C641B5C
:1072C000A410A64205D170BD55F8043B984701367D
:1072D000EEE755F8043B98470136F2E718990008A5
:1072E00018990008189900081C9900087047704701
:1072F0007047034610B5C9B202449342184601D103
:10730000002003E0047801338C42F6D110BD2DE952
:10731000F74F03690C690746A3427EDB013CA300DB
:1073200000F1140501F11408009305EB84030193A7
:1073300058F8243055F8242001339A42B2FBF3F672
:1073400008EB84092ED34FF0000AC446AE46D3465C
:107350005CF8043B98B206FB00A01B0C020C06FB79
:107360000323DEF8002080B292B2121A5A44DEF8EB
:1073700000004FEA134A9BB2C3EB224303EB1043D6
:1073800092B242EA0342E1454FEA234B4EF8042B06
:10739000DED2009BEB582BB9019B043B9D421A4661
:1073A0002FD33C61384601F07FF9002825DB2946C0
:1073B000002058F8042BD1F800C01FFA82FE1FFAF3
:1073C0008CF3A3EB0E030344120CC2EB234202EB3B
:1073D0001C429BB243EA0243C1454FEA224041F8B6
:1073E000043BE6D255F8242005EB840322B9043B84
:1073F0009D421A460BD33C610136304603B0BDE8CE
:10740000F08F1268043B002ACBD1013CC6E712681A
:10741000043B002AEFD1013CEAE70020EEE7000040
:107420002DE9F04F14461D46C76997B08146CDE956
:107430000645239E7FB9102000F00EFE0246C9F8D3
:107440001C0020B9EF21AC4BAC4801F06DFCC0E949
:1074500001770760C760D9F81C30196859B15A68BC
:10746000012393404A608B60484600F0EBFE002207
:10747000D9F81C301A602B1EAFBF0023012223F065
:1074800000430793A8BF3360DDF81C809C4BB8BF56
:10749000326033EA080312D142F20F73229A13606A
:1074A000C8F31303234300F05E85249BDFF854A246
:1074B000002B00F060850AF1030300F05ABDDDE9FE
:1074C0000623CDE90C23DDE90C0100220023F9F7A6
:1074D00075FA074658B10123229A1360249B13B111
:1074E000894B249A1360DFF824A200F044BD14AB4A
:1074F000019315AB00934846DDE90C2301F084F9B4
:10750000C8F30A560390002E78D0DDE90C010D9BDC
:10751000A6F2FF36C3F3130343F07F5343F4401343
:107520001297194600227A4BF8F728FE6CA3D3E98C
:107530000023F8F7DBFF6CA3D3E90023F8F720FE64
:10754000044630460D46F8F767FF69A3D3E90023E8
:10755000F8F7CCFF02460B4620462946F8F710FE06
:1075600004460D46F9F772FA00220746002320462A
:107570002946F9F72DFA40B13846F8F74DFF224673
:107580002B46F9F71BFA00B9013F162F54D8DDE955
:107590000C01604B03EBC703D3E90023F9F718FA9A
:1075A00000284BD00023013F0F93149B9B1B5A1EB6
:1075B00049BFC3F10103002304930023099254BF80
:1075C00004930993002F3BDB099B0E973B440993DF
:1075D00000230A93209B092B65D8052BC4BF043BCD
:1075E0002093209BC8BF0024A3F10203D8BF01242D
:1075F000032B64D8DFE803F05355382CDDE914631E
:107600001E4406F23243202BC1BFC3F1400308FAE7
:1076100003F806F2124324FA03F3D6BFC3F12003A2
:1076200048EA030004FA03F0F8F7E6FE0122A1F1AC
:10763000F873013E129274E70123B5E70F90B4E7A7
:10764000049BDB1B04937B420A9300230E93C1E748
:1076500001230B93219B07EB030B0BF10103012B80
:107660000893B8BF012306E001230B93219B002B55
:1076700028DD9B46089300210422D9F81C0002F162
:1076800014059D4226D94160484600F09BFD824684
:10769000002843D1024640F2AF111F4BD4E600232D
:1076A000E3E70023D5E7012400230B9420934FF058
:1076B000FF3B00221223CDF820B02192DBE701230B
:1076C0000B93F4E74FF0010B5B46CDF820B0CDF8FB
:1076D00084B0D0E701315200D1E700BFAFF30080A2
:1076E00061436F63A787D23FB3C8608B288AC63FC8
:1076F000FB799F501344D33FE0960008F7960008AB
:107700000000F07FDC960008B0960008AF960008F5
:107710000000F83F489800084F970008D9F81C303F
:107720001860089B0E2B00F2A180002C00F09E80B8
:10773000002F33DD9C4B07F00F0203EBC203F8056B
:10774000D3E90034CDE910344FEA271416D5DDE92A
:107750000C01964B0326D3E90823F8F7F1FFCDE996
:10776000060104F00F04914D54B9DDE91023DDE961
:107770000601F8F7E5FFCDE9060128E00226F2E769
:10778000E10708D5DDE91001D5E90023F8F7AEFEE1
:10779000CDE91001013664100835E5E700F0AF804F
:1077A000DDE90C017C42804B04F00F0203EBC203C5
:1077B000D3E90023F8F79AFE02260023CDE906015B
:1077C0007A4D2411002C40F08F80002BD3D1DDE9BD
:1077D00006450F9B002B00F094800022204629468E
:1077E000734BF9F7F5F8002800F08B80089B002B0D
:1077F00000F08780BBF1000F34DD204600222946CF
:107800006C4BF8F773FE5C46CDE9060107F1FF38D3
:1078100001363046F8F700FEDDE90623F8F766FE8C
:107820000022654BF8F7ACFC0546A1F15076002C20
:107830006AD1DDE906010022604BF8F79FFC0246A1
:107840000B46CDE906232A463346F9F7DFF8002830
:1078500040F09882DDE906012A4606F10043F9F777
:10786000B7F838BBDDE90C34CDE90634159B002BA5
:10787000C0F257810E2F00F354814B4B03EBC7032B
:10788000D3E90034CDE90434219B002B80F2E5805C
:10789000089B002B00F3E1800CD1DDE904010022FC
:1078A000464BF8F723FEDDE90623F9F7A5F8002893
:1078B00000F0668200242546219B56466FEA0308A5
:1078C00000272146484600F0BDFC002D00F0BD8099
:1078D0002FB1AF4203D03946484600F0B3FC2946E9
:1078E000484600F0AFFCB0E0E20705D5D5E900233B
:1078F000F8F7FCFD012301366410083562E7022623
:1079000065E7B846089C84E7274B0B9903EBC40353
:1079100053E902235444002954D000202849F8F7A1
:107920000FFF33462A46F8F729FC5646CDE91001E9
:10793000DDE90601F9F78AF80546F8F76DFD02461C
:107940000B46DDE90601F8F719FC02460B46303517
:10795000CDE90623DDE9102306F8015BF9F738F8D5
:10796000002872D1DDE9062300201149F8F706FC52
:10797000DDE91023F9F72CF8002840F0B480A64286
:107980003FF470AFDDE9100100220A4BF8F7AEFDBD
:107990000022CDE91001DDE90601064BF8F7A6FD4E
:1079A000CDE90601C4E700BF489800082098000808
:1079B0000000F03F0000244000001C400000144084
:1079C0000000E03F31462846F8F790FD5646CDE9E5
:1079D00010011394DDE90601F9F738F80546F8F7C8
:1079E0001BFD02460B46DDE90601F8F7C7FB024620
:1079F0000B46303506F8015BA642CDE906234FF071
:107A0000000224D1DDE91001AE4BF8F7B9FB0246C4
:107A10000B46DDE90601F8F7F9FF002863D1DDE93F
:107A200010230020A749F8F7A9FB02460B46DDE921
:107A30000601F8F7CDFF00283FF414AF139E731E24
:107A4000139316F8013C302BF8D047463BE09E4B91
:107A5000F8F74CFDCDE90601BCE75646DDE90645E1
:107A6000DDE9042320462946F8F76AFEF8F7EEFF21
:107A70008046F8F7D1FCDDE90423F8F737FD02462C
:107A80000B4620462946F8F779FB08F13004089D9B
:107A900006F8014BA6EB0A04A54202460B4633D179
:107AA000F8F76EFBDDE9042304460D46F8F7AEFF58
:107AB000C0B9DDE9042320462946F8F77FFF10B15D
:107AC00018F0010F0ED14846039900F0BBFB0023CC
:107AD0003370229B01371F60249B002B00F04B82E8
:107AE0001E6048E2B84633461E4613F8012D392A77
:107AF00006D19A45F8D1302208F101088AF8002011
:107B00001A7801321A70A0E700226F4BF8F7EEFCEA
:107B10000022002304460D46F8F750FF00289FD0AE
:107B2000D1E70B9A002A00F0EA80209A012A00F39C
:107B3000CD80129A002A00F0C18003F233430A9CE0
:107B4000049E049A01211A440492099A48461A4450
:107B5000099200F02BFC054666B1099B002B09DD5C
:107B6000B342A8BF3346049AF61AD21A0492099A6D
:107B7000D31A09930A9B0BB30B9B002B00F0C68012
:107B8000002C00F0C08029462246484600F0C6FC82
:107B9000039A01460546484600F01EFC03998046BC
:107BA000484600F04FFB0A9B1B1B0A9300F0B18074
:107BB00041460A9A484600F0B1FC0390012148462C
:107BC00000F0F4FB0E9B0446002B00F0D8811A460F
:107BD0000146484600F0A2FC209B0446012B00F31E
:107BE0009F80069B002B40F09780079BC3F31303F5
:107BF000002B40F09380079B23F000431B0D1B05D7
:107C000033B1049B01330493099B0133099301238E
:107C10000A930E9B002B00F0B881236904EB8303C9
:107C2000186900F077FBC0F12000099B184410F0A0
:107C30001F0000F08280C0F12003042B73DD049B41
:107C4000C0F11C0003440493099B064403440993B8
:107C5000049B002B05DD1A464846039900F0B8FC4A
:107C60000390099B002B05DD21461A46484600F08B
:107C7000AFFC04460F9B002B61D02146039800F017
:107C800013FD00285BDA00230A224846039900F01E
:107C9000FBFA0B9B07F1FF380390002B00F0778174
:107CA000294600230A22484600F0EEFABBF1000FF5
:107CB00005466FDC209B022B49DC6BE0149BC3F173
:107CC00036033CE70000E03F00002440089B5C1EB8
:107CD0000A9BA34209DB1C1B089B002BBFF630AF9D
:107CE000049B089A9E1A00232BE70A9B0E9AE31A1C
:107CF0001A440A94049E0024089B0E9221E70A9CD1
:107D0000049E0B9D28E7DDF80C8051E70A9A039941
:107D100050E7CDF80C8051E7002379E7069B77E721
:107D200000230A9379E793D0049A1C331A440492EF
:107D3000099A1E441A4409928AE70346F4E7089B0D
:107D4000B846002B20DC9B46209B022B1EDDBBF19E
:107D5000000F7FF4B1AD21465B460522484600F096
:107D600093FA01460446039800F09EFC00287FF732
:107D7000A3AD5646312308F1010806F8013B9FE503
:107D8000B846089C2546F4E7DDF820B00B9B002B95
:107D900000F00181002E05DD29463246484600F0FC
:107DA00017FC05460A9B002B5CD04846696800F02A
:107DB00009FA064628B9024640F2EF21804BFFF748
:107DC00043BB2A6905F10C01023292000C3000F02D
:107DD0009DFF01223146484600F0FAFB2F4605463A
:107DE0000AF1010304930AEB0B030A93069B03F0C9
:107DF00001030993049B2146039803F1FF3BFFF71E
:107E000086FA034639463033069003980B9300F008
:107E10004BFC2A4608902146484600F061FCC268A7
:107E200006460B9B02BB0146039800F03DFC024650
:107E30000B9B31464846CDE90B3200F003FA209BFC
:107E40000C9A049E42EA0301099B19430B9B0DD136
:107E5000392B27D0089A002A01DD069B31338BF895
:107E600000302EE52846B9E70122E2E7089900290B
:107E700004DB209801430998014320D1002AEEDD5C
:107E8000012203994846049300F0A2FB2146039087
:107E900000F00AFC0028049B02DCE0D1DA07DED502
:107EA000392BDAD139238BF8003033461E4616F8C9
:107EB000012C013B392A4ED001321A7001E5002A0B
:107EC00003DD392BEED00133C9E7049A0A9902F891
:107ED000013C8A4228D000230A220399484600F038
:107EE000D3F9AF4203904FF000034FF00A02394636
:107EF000484607D100F0C8F907460546049B013300
:107F0000049377E700F0C0F92946074600230A22C8
:107F1000484600F0B9F90546F0E7BBF1000FCCBFC9
:107F20005E460126002756440122039948460493E1
:107F300000F04EFB2146039000F0B6FB0028B4DCB5
:107F400002D1049BDB07B0D433461E4613F8012D43
:107F5000302AFAD0B5E49A45A8D1312308F10108B6
:107F60008AF80030ADE4249BDFF858A01BB10AF179
:107F70000803249A1360504617B0BDE8F08F209B89
:107F8000012B7FF72EAE0E9B0A9301204DE6BBF12D
:107F9000000F7FF7D9AE564621460398FFF7B7F991
:107FA00000F1300306F8013BA6EB0A029345B4DD6D
:107FB00000230A224846039900F066F90390EBE794
:107FC0004F970008D396000838B50546002940D0E1
:107FD00051F8043C0C1F002BB8BFE41800F0E6F881
:107FE0001C4A136833B9636014602846BDE8384002
:107FF00000F0E2B8A34208D9206821188B4201BFE3
:1080000019685B6809182160EDE71A465B680BB1D7
:10801000A342FAD911685018A0420BD1206801443C
:10802000501883421160E0D118685B680844106002
:108030005360DAE702D90C232B60D6E720682118B9
:108040008B4201BF19685B68091821606360546046
:10805000CBE738BD60050020024B0146186800F0F0
:1080600025B800BF2C00002070B50F4E0C463168BB
:10807000054611B900F03AFE30602146284600F06E
:1080800035FE431C03D14FF0FF34204670BDC41CA5
:1080900024F00304A042F8D0211A284600F026FE5E
:1080A0000130F2D1EFE700BF5C0500202DE9F84375
:1080B000CD1C25F0030508350C2D38BF0C25002DEF
:1080C000064601DBA94204D90C2333600020BDE839
:1080D000F883DFF8D48000F069F8D8F800301C4647
:1080E00044BB29463046FFF7BFFF431C044658D126
:1080F000D8F800402746002F43D1002C4BD02368EE
:108100003946304604EB030900F0F0FD814542D1C9
:10811000216830466D1A2946FFF7A6FF01303AD094
:1081200023682B442360D8F800305A6862BBC8F833
:1081300000700FE02268521B20D40B2A17D9611956
:10814000A342256018BF5960636808BFC8F80010D3
:1081500062514B60304600F02FF804F10B00231DF4
:1081600020F00700C21A1CBF1B1AA350AFE76268B9
:10817000A3420CBFC8F800205A60EBE723466468AE
:10818000AEE73C467F68B6E71A465B68A342FBD180
:1081900000235360DEE70C233046336000F00CF818
:1081A00094E70560D6E700BF600500200148FFF7AF
:1081B0009EB800BF580500200148FFF799B800BFDE
:1081C0005805002070B5C66904460D4676B91020E2
:1081D000FFF742FF0246E06120B96B21174B1848B8
:1081E00000F0A2FDC0E901660660C660E669F368BA
:1081F00083B1E369DB6853F82500B8B9012101FABE
:1082000005F6721D2046920000F0ACFD60B1C0E999
:1082100001560EE021220421204600F0A3FDE3696F
:10822000F060DB68002BE4D1002070BD026843F8E9
:1082300025200023C0E90333F7E700BFE0960008DC
:108240006097000870B5C66905460C4676B91020DF
:10825000FFF702FF0246E86120B98F21084B094869
:1082600000F062FDC0E901660660C6603CB1EB69E2
:108270006268DB6853F82210216043F8224070BD29
:10828000E0960008609700082DE9F04107460C468B
:108290001E4600200D6901F1140CDCF8003001309D
:1082A00099B202FB01611E0C0B0C02FB063389B272
:1082B00001EB034185424FEA13464CF8041BECDC0A
:1082C0000EB3A368AB4219DC616838460131FFF791
:1082D00079FF804628B90246BA210C4B0C4800F0C1
:1082E00023FD226904F10C01023292000C3000F0EF
:1082F0000DFD21463846FFF7A5FF444604EB8503F4
:1083000001355E6125612046BDE8F0814F97000888
:10831000609700080346B0F5803F3ABF0304102081
:108320000020B3F1807F3CBF1B020830B3F1805FB7
:108330003CBF1B010430B3F1804F3CBF9B000230B7
:10834000002B05DB13F0804F00F1010008BF202057
:1083500070470368024613F007000BD0D90721D4F9
:10836000980749BF5B089B08012013605CBF02208F
:108370001360704799B209B910201B0CD9B209B922
:1083800008301B0A190704BF1B090430990704BFF2
:108390009B080230D90703D45B0800F1010003D029
:1083A00013607047002070472020704710B50C46BE
:1083B0000121FFF707FF024628B940F24511044B9F
:1083C000044800F0B1FC01234461036110BD00BF0B
:1083D0004F970008609700082DE9F04F17460A698B
:1083E0003B6989469A42A2BF3B460F4699463D6982
:1083F000D9F810A0BB68796805EB0A06B34285B0CE
:10840000B8BF0131FFF7DEFE30B902464FF4B1715B
:10841000404B414800F088FC00F114042346002240
:1084200004EB860E734520D307F1140809F11401FB
:1084300008EB850501EB8A030293EB1B153B23F048
:10844000030304331537BD4238BF04230193029B55
:1084500003918B420CD8002E03DD5EF8043D002B07
:1084600055D0066105B0BDE8F08F43F8042BD9E77D
:10847000B1F800A0BAF1000F1FD0C446A1460027F2
:108480005CF8042BD9F800301FFA82FB9BB20AFB80
:108490000B333B44D9F80070120C3F0C0AFB0272FC
:1084A00002EB13429BB243EA024365454FEA12478F
:1084B00049F8043BE4D8019BE750039B0431B3F82F
:1084C0000290B9F1000F20D04746A4464FF0000AB1
:1084D0002368B7F800B0BCF802209BB209FB0B225E
:1084E000524443EA02434CF8043B57F8043B4FEA3A
:1084F000134ABCF80030BD4209FB0A3303EB1243B8
:108500004FEA134AE5D8019AA35004349FE7013E8D
:10851000A1E700BF4F970008609700082DE9F843D6
:10852000154612F0030207460E4607D0254C013AC5
:10853000002354F82220FFF7A7FE0646AD103DD0D9
:10854000FC697CB91020FFF787FD0246F86128B965
:1085500040F2B3111C4B1D4800F0E6FBC0E901449A
:108560000460C460D7F81C80D8F808404CB940F2C9
:1085700071213846FFF71AFF00230446C8F80800A7
:1085800003604FF00009EB070AD531462246384612
:10859000FFF722FF804631463846FFF753FE464636
:1085A0006D100BD0206838B9224621463846FFF7B7
:1085B00013FF2060C0F800900446E4E73046BDE8B1
:1085C000F88300BF10980008E09600086097000844
:1085D0002DE9F0470C46074691462369496803EBAD
:1085E0006218A3684FEA621A08F10106B3420BDB76
:1085F0003846FFF7E7FD054648B902464FF4EF71EC
:10860000274B284800F090FB01315B00EEE7002388
:1086100000F1140100F110021846534533DB2069C4
:108620002AEAEA7A04F1140319F01F0901EB8A011E
:1086300003EB800C2BD08A460022C9F1200E18686B
:1086400000FA09F010434AF8040B53F8042B9C4538
:1086500022FA0EF2F3D8ACEB0403153B23F003032C
:10866000043304F11500604588BF0423CA500AB1E1
:1086700008F10206013E384621462E61FFF7E2FD71
:108680002846BDE8F08742F8040F0133C5E70439F6
:1086900053F8042B9C4541F8042FF9D8EAE700BFB2
:1086A0004F9700086097000803460A69006930B5D3
:1086B000801A0ED11433143103EB820401EB8201D2
:1086C00054F8045D51F8042D954203D005D24FF0C3
:1086D000FF3030BDA342F3D3FBE70120F9E70000F0
:1086E0002DE9F74F89460646114648461446FFF7DE
:1086F000DBFF051E12D129463046FFF763FD024617
:1087000028B940F237213E4B3E4800F00DFB0123D3
:10871000C0E90435104603B0BDE8F08FBCBF4B463E
:10872000A1463046D9F80410BABF1C4601250025E1
:10873000FFF748FD024618B940F24521304BE3E708
:1087400000F1140BD9F8107009F11003C5604FF057
:10875000000C09F11405D946266904F1140E05EB45
:1087600087080EEB86060193019B5EF8040B53F815
:1087700004AF81B201931FFA8AF35B1A000C6344C1
:10878000C0EB1A4000EB23409BB243EA004376451E
:108790004FEA204C49F8043BE6D8331B153B23F045
:1087A000030315340433A64238BF04231D445B443D
:1087B0001E462C4644450ED308F10301491B21F007
:1087C0000301033DA84538BF00210B4453F8041DA5
:1087D00099B117619EE7E64654F8041B1FFA81FC25
:1087E000F444080C714400EB2C4089B241EA00418A
:1087F0004FEA204C46F8041BDCE7013FE6E700BFE8
:108800004F970008609700082DE9734301219046B7
:108810009946089EFFF7D6FC044630B9024640F25E
:108820000F31234B234800F07FFAC9F30A55C9F3EF
:1088300013030DB143F480130193B8F1000324D066
:1088400068460093FFF785FDDDE90012D8B1C0F15D
:10885000200302FA03F30B43C24063610192019BC0
:10886000002B0CBF01220222A3612261ADB1A5F24F
:10887000334505443560C0F13500099B186020463A
:1088800002B0BDE870836161E9E701A8FFF761FD0F
:10889000019B012263612030E7E7A0F2324004EB44
:1088A000820330601869FFF735FDC0EB4210E4E742
:1088B0004F970008609700082DE9F0471F468E6823
:1088C0008246BE420C4690460B682DD8B1F90C206A
:1088D00012F4906F26D06569096905EB4505A3EB95
:1088E000010905EBD5757B1C4B446D109D4238BFCB
:1088F0001D46530527D52946FFF7D8FB064660B32A
:108900004A46216900F002FAA38923F4906343F0F8
:108910008003A38126614E4426603E466561A5EB37
:108920000905A560BE4200D93E4632464146206850
:1089300000F0C2F90020A3689B1BA36023683344A6
:108940002360BDE8F0872A4600F032FA0646002888
:10895000E0D150462169FFF737FB0C23CAF80030FD
:10896000A3894FF0FF3043F04003A381E9E7000003
:108970002DE9F04F98468B8907461B060D46144695
:108980009DB010D50B6973B94021FFF78FFB2860AC
:10899000286130B90C233B604FF0FF301DB0BDE8BB
:1089A000F08F40236B610023099320238DF8293039
:1089B00030234FF00109CDF80C80DFF898818DF855
:1089C0002A3023469A4613F8012B0AB1252AF9D1F9
:1089D000BAEB040B0BD05B46224629463846FFF71C
:1089E0006BFF013000F0A780099A5A4409929AF867
:1089F0000030002B00F09F8000234FF0FF32CDE9C4
:108A000005230AF1010A049307938DF853301A9352
:108A10005446052214F8011B4E48FEF76AFC049ADE
:108A2000D8B9D00644BF20238DF85330110744BF76
:108A30002B238DF853309AF800302A2B15D054464A
:108A400000204FF00A0C079A214611F8013B303BF9
:108A5000092B4BD9B0B1079214E0A0EB080309FA37
:108A600003F31343A2460493D2E7039B191D1B682B
:108A70000391002BBBBF5B4242F0020207930793B6
:108A8000B8BF049223782E2B0AD163782A2B32D1D7
:108A9000039B02341A1D1B68039243EAE373059398
:108AA000DFF8B4A0032250462178FEF722FC38B14B
:108AB0004022049BA0EB0A0082401343013404933C
:108AC00014F8011B062225488DF82810FEF711FC2A
:108AD000002836D0224B1BBB039B073323F0070330
:108AE00008330393099B334409936AE70C4601203A
:108AF0000CFB0232A8E700234FF00A0C19460134A0
:108B00000593204610F8012B303A092A03D9002B8F
:108B1000C6D00591C4E7044601230CFB0121F0E710
:108B200003AB00932A4638460E4B04A9FDF75CFEC2
:108B3000421C0646D6D1AB895B063FF52DAF09989E
:108B40002CE703AB00932A463846064B04A9FEF7F0
:108B5000E9F8EDE7B9970008BF970008C397000848
:108B6000E9670008B9880008B1F90C20F8B51607C4
:108B700005460C4654D44B68002B02DC0B6C002BD2
:108B800048DDE66A002E45D0002312F480522F689B
:108B9000216A2B6030D0626DA389590705D56368BF
:108BA000D21A636B0BB1236CD21A00232846E66AF3
:108BB000216AB047431CA38906D129681D292BD8F7
:108BC000284ACA40D60727D5002262602269D90404
:108BD000226004D5421C01D12B6803B96065616B2A
:108BE0002F60B9B104F14403994202D02846FFF73F
:108BF000EBF9002363630DE001232846B0470246EA
:108C0000501CC9D12B68002BC6D01D2B01D0162BB0
:108C10001DD12F60002021E043F040031BB21AE079
:108C20000F69002FF6D0930718BF00230E6808BF06
:108C30004B69F61B0F608B60002EEBDD33463A4626
:108C40002846216AD4F828C0E047002807DCB4F998
:108C50000C3043F040034FF0FF30A381F8BD0744D0
:108C6000361AE9E70100402038B50B6905460C4685
:108C700013B90025284638BD18B1036A0BB9FEF7B1
:108C8000FBF9B4F90C30002BF3D0626ED00704D49A
:108C9000990502D4A06DFEF72AFB28462146FFF76E
:108CA00063FF636E0546DA07E4D4A3899B05E1D42C
:108CB000A06DFEF71DFBDDE7884210B501EB020455
:108CC00002D98442234607D8431EA14208D011F896
:108CD000012B03F8012FF8E7014602448A4200D134
:108CE00010BD13F8014D02F8014DF7E738B5002328
:108CF000054D044608462B60F9F78CFD431C02D154
:108D00002B6803B1236038BD540500200A4491420A
:108D100000F1FF3300D1704710B511F8014B9142BB
:108D200003F8014FF9D110BD1FB514461A46094B7F
:108D300005461B68D8684CB1074BCDE9013400915A
:108D40002B46064900F070F800F080F8044B1C46F2
:108D5000F3E700BF2C000020D4970008E19700083B
:108D60000F98000870B5A1FB025434B92946FFF7EB
:108D70009DF9064628B9304670BD0C2200260260D7
:108D8000F9E72A462146FEF712FAF4E782B001B964
:108D900001A942B14BB113780B601278101E18BFB5
:108DA000012002B070471046FBE76FF00100F8E7C2
:108DB0002DE9F041074614460D4621B91146BDE89C
:108DC000F041FFF773B92AB9FFF7FEF825462846A8
:108DD000BDE8F08100F041F88442064602D8B4EBC9
:108DE000500FF4D821463846FFF760F9804608B99D
:108DF0004546ECE7B4422246294628BF3246FFF7F3
:108E000085FF29463846FFF7DFF8F1E703460846B5
:108E100041B1FF2A04D98A224FF0FF301A6070470F
:108E200001200A70704700000EB403B5014603AB81
:108E3000054853F8042B0068019300F03DF802B098
:108E40005DF804EB03B070472C000020062008B545
:108E500000F006FA0120F9F768FC51F8043C181FED
:108E6000002BBCBF0B58C0187047936810B4013B6F
:108E7000002B936007DA9469A34201DB0A2902D12F
:108E800010BC00F031B91368581C10601970084606
:108E900010BC7047F8B506460F461446D518AC42CC
:108EA00001D1002007E03A46304614F8011BFFF7D5
:108EB000DCFF431CF3D1F8BD2DE9F04F0D461446FD
:108EC000984606469DB018B1036A0BB9FEF7D4F870
:108ED0006B6ED90705D4AB899A0502D4A86DFEF74D
:108EE00006FAAB891B0701D52B699BB92946304689
:108EF00000F038F970B16B6EDC0704D54FF0FF302D
:108F00001DB0BDE8F08FAB899805F7D4A86DFEF7CA
:108F1000EFF9F3E70023099320238DF8293030235C
:108F20004FF00109CDF80C80DFF8A8818DF82A30C8
:108F300023469A4613F8012B0AB1252AF9D1BAEB38
:108F4000040B0BD05B46224629463046FFF7A2FFB2
:108F5000013000F0A780099A5A4409929AF800302B
:108F6000002B00F09F8000234FF0FF32CDE9052356
:108F70000AF1010A049307938DF853301A9354466B
:108F8000052214F8011B5348FEF7B3F9049AD8B927
:108F9000D10644BF20238DF85330130744BF2B2341
:108FA0008DF853309AF800302A2B15D05446002003
:108FB0004FF00A0C079A214611F8013B303B092B70
:108FC0004BD9B0B1079214E0A0EB080309FA03F300
:108FD0001343A2460493D2E7039B191D1B68039118
:108FE000002BBBBF5B4242F0020207930793B8BF5E
:108FF000049223782E2B0AD163782A2B32D1039B3B
:1090000002341A1D1B68039243EAE3730593DFF8E9
:10901000C8A0032250462178FEF76BF938B14022F0
:10902000049BA0EB0A00824013430134049314F81C
:10903000011B062229488DF82810FEF75AF900284E
:109040003FD0274B1BBB039B073323F00703083399
:109050000393099B3B4409936AE70C4601200CFBF0
:109060000232A8E700234FF00A0C19460134059399
:10907000204610F8012B303A092A03D9002BC6D01C
:109080000591C4E7044601230CFB0121F0E703AB83
:1090900000932A463046134B04A9FDF7A5FB07466B
:1090A000781CD6D16B6ED90705D4AB899A0502D44A
:1090B000A86DFEF71DF9AB895B063FF51FAF099858
:1090C0001EE703AB00932A463046064B04A9FDF782
:1090D00029FEE4E7B9970008BF970008C397000886
:1090E000E9670008958E0008F8B50E461446054657
:1090F00018B1036A0BB9FDF7BFFFA369A360A38989
:109100001A0701D5236943B92146284600F02AF8F9
:1091100018B14FF0FF373846F8BD23682269F6B220
:10912000981A63693746834205DC21462846FFF7D3
:109130009BFD0028EDD1A368013BA36023685A1C66
:1091400022601E706269431C9A4204D0A389DB0727
:10915000E1D50A2EDFD121462846FFF785FD0028FC
:10916000D9D0D6E738B5294B054618680C4618B152
:10917000036A0BB9FDF780FFB4F90C30190722D44C
:10918000DA0607D409222A6043F040034FF0FF308B
:10919000A38133E0580712D5616B41B104F1440358
:1091A000994202D02846FEF70FFF00236363A3898C
:1091B00023F02403A3810023636023692360A38930
:1091C00043F00803A38123694BB9A38903F42073F7
:1091D000B3F5007F03D02146284600F082F8B4F9A9
:1091E0000C3013F001020AD00022A26062695242E0
:1091F000A261226942B913F08000C5D138BD990738
:1092000058BF6269A260F4E70020F7E72C00002055
:109210001F2938B505460C4604D9162303604FF0C4
:10922000FF3038BDC26B12B152F821304BB928461D
:1092300000F030F8224601462846BDE8384000F0EC
:1092400017B8012B0AD0591C03D116230360012043
:10925000E7E70021204642F8241098470020E0E785
:10926000024B01461868FFF7D3BF00BF2C00002057
:1092700038B50023064D0446084611462B60F9F721
:1092800044FA431C02D12B6803B1236038BD00BFF0
:1092900054050020F9F732BA70B50C46B1F90E103A
:1092A000154600291E4696B00CDAA389002113F05A
:1092B000800F14BF40234FF48063002031602B6087
:1092C00016B070BD6A4600F049F80028EDDB019940
:1092D00001F47041A1F50053594259414FF48063A4
:1092E000EBE78B89F7B59D0706460C4607D504F1D9
:1092F0004703236023610123636103B0F0BD6A4625
:1093000001ABFFF7C9FF009F054639463046FEF71F
:10931000CDFE48B9B4F90C309A05EED423F003031E
:1093200043F00203A381E2E7A389C4E9040743F001
:109330008003A381019B20605BB13046B4F90E101D
:1093400000F01EF828B1A38923F0030343F00103C2
:10935000A381A3891D43A581CFE7000038B5002371
:10936000064D0446084611462B60F9F72DFA431CBA
:1093700002D12B6803B1236038BD00BF5405002023
:1093800038B50023054D044608462B60F9F72BFA43
:10939000431C02D12B6803B1236038BD5405002063
:1093A000F8B500BFF8BC08BC9E467047F8B500BFD2
:0893B000F8BC08BC9E467047A2
:1093B8006F6E0000312D536574506F696E74000034
:1093C800322D54696D6520202020202020000000C7
:1093D8002020202020202020202020200000000005
:1093E800253032643A253032643A25303264000040
:1093F8002B000000312D536574506F696E74203C4A
:109408003D000000322D54696D6520202020202069
:10941800202000002D000000312D536574506F6925
:109428006E74202020000000322D54696D65203CA8
:109438003D000000456E74657220536574506F6975
:109448006E742000536574506F696E743A000000A2
:10945800536574506F696E74206368616E676564E4
:10946800207375636365737366756C6C790D0A0098
:109478006F7574206F662072616E6765000000006A
:10948800203C3D002020202020202020200000001B
:10949800486F7572257300004D696E2573000000D2
:1094A800536563257300000053657420484F555277
:1094B8002028302D32332900484F55523A000000F9
:1094C800536574204D494E202028302D3539290008
:1094D8004D494E3A0000000053657420534543201F
:1094E8002028302D353929005345433A0000000023
:1094F80054696D65206368616E6765642073756380
:109508006365737366756C6C790D0A00496E7661D4
:109518006C69642100000000646973743A35306333
:109528006D000000646973743A2564636D0000007F
:10953800544F4F20434F4C440000000074656D7039
:109548003A2532640000000073657420706F696EFC
:10955800743A25326400000000000000000000009A
:1095680001020304060708090000000001020304C1
:1095780002030405060708090A0B0C0D0E0F10104C
:109588000102000002030405060708090A0B0C0D76
:109598000E0F101001020020202020202020202063
:1095A800282828282820202020202020202020208B
:1095B80020202020202020881010101010101010BB
:1095C80010101010101010040404040404040404FF
:1095D8000410101010101010414141414141010187
:1095E8000101010101010101010101010101010163
:1095F8000101101010101010424242424242020271
:109608000202020202020202020202020202020232
:1096180002021010101020000000000000000000DE
:109628000000000000000000000000000000000032
:109638000000000000000000000000000000000022
:109648000000000000000000000000000000000012
:109658000000000000000000000000000000000002
:1096680000000000000000000000000000000000F2
:1096780000000000000000000000000000000000E2
:1096880000000000000000000000000000000000D2
:1096980000000000000000494E4600696E66004E5A
:1096A800414E006E616E0030003031323334353651
:1096B8003738394142434445460030313233343536
:1096C8003637383961626364656600496E66696E6B
:1096D800697479004E614E005245454E54206D61C3
:1096E8006C6C6F6320737563636565646564002FD4
:1096F8006275696C642F676E752D746F6F6C732D4E
:10970800666F722D73746D33325F31332E332E7260
:10971800656C312E32303234303932362D313731B2
:10972800352F7372632F6E65776C69622F6E65775C
:109738006C69622F6C6962632F7374646C69622F41
:1097480064746F612E630042616C6C6F6320737583
:1097580063636565646564002F6275696C642F676F
:109768006E752D746F6F6C732D666F722D73746DBB
:1097780033325F31332E332E72656C312E323032F4
:1097880034303932362D313731352F7372632F6EBD
:1097980065776C69622F6E65776C69622F6C696298
:1097A800632F7374646C69622F6D707265632E63C6
:1097B80000232D302B2000686C4C006566674546F9
:1097C80047004300504F534958002E002C2066751F
:1097D8006E6374696F6E3A200061737365727469A1
:1097E8006F6E2022257322206661696C65643A20B9
:1097F80066696C6520222573222C206C696E6520B1
:109808002564257325730A0005000000190000006F
:109818007D000000000000000080E03779C341436C
:10982800176E05B5B5B89346F5F93FE9034F384DBE
:10983800321D30F94877825A3CBF737FDD4F15756A
:10984800000000000000F03F00000000000024407D
:1098580000000000000059400000000000408F4058
:10986800000000000088C34000000000006AF840C3
:109878000000000080842E4100000000D0126341E7
:109888000000000084D797410000000065CDCD415D
:10989800000000205FA00242000000E8764837423E
:1098A800000000A2941A6D42000040E59C30A242DC
:1098B8000000901EC4BCD64200003426F56B0C4351
:1098C8000080E03779C3414300A0D88557347643F8
:1098D80000C84E676DC1AB43003D9160E458E14359
:1098E800408CB5781DAF154450EFE2D6E41A4B44CE
:1098F80092D54D06CFF08044F64AE1C7022DB54413
:08990800B49DD9794378EA44CB
:089910004068FF7F0100000028
:04991800350100080D
:04991C00110100082D
:10992000010000006E0000000000000000000000C8
:109930000000000000127A0010000000010000008A
:109940000000000003000000180400203000002088
:10995000000000001804002080040020E80400201B
:1099600000000000000000000000000000000000F7
:1099700000000000000000000000000000000000E7
:1099800000000000000000000000000000000000D7
:109990000000000000000000000000004300000084
:1099A00000000000000000000000000000000000B7
:1099B0000000000000000000000000004300000064
:1099C0000000000000000000000000000000000097
:1099D0000000000000000000000000004300000044
:1099E0000000000000000000000000000000000077
:1099F0000000000000000000000000004300000024
:109A00000000000000000000000000000000000056
:109A10000000000000000000000000004300000003
:109A20000000000000000000000000000000000036
:109A300000000000000000000000000043000000E3
:109A40000000000000000000000000000000000016
:109A500000000000000000000000000043000000C3
:109A600000000000000000000000000000000000F6
:109A70000000000000000000000000000D8E000843
:109A80008D8D0008000000009E950008D297000808
:109A90000F9800080F9800080F9800080F9800080A
:109AA0000F9800080F9800080F9800080F980008FA
:109AB0000F980008FFFFFFFFFFFFFFFFFFFFFFFF03
:109AC000FFFF00000100415343494900000000002E
:109AD0000000000000000000000000000000000086
:109AE000000000000000415343494900000000000D
:109AF0000000000000000000000000000000000066
:089B000000000000000000005D
:040000050800288D3A
:00000001FF
